source_file,climate_id,station_name,lon,lat,n_rows_source,n_days_expected,n_days_scored,missing_tmax,missing_tmin,missing_prcp,n_quality_flagged,n_trace_precip,n_duplicate_dates,status,reason,stndata_file
climate_daily_AB_3010815_2026_P1D.csv,3010815,BRETON,-114.48,53.17,365,365,365,365,365,354,218,11,0,BAD,tmax/tmin/prcp all missing >= 180 days (365/365/354),transformed/bad/2026_CAE03010815.stndata
climate_daily_AB_3011120_2026_P1D.csv,3011120,CALMAR,-113.86,53.29,365,365,365,365,365,364,4,1,0,BAD,tmax/tmin/prcp all missing >= 180 days (365/365/364),transformed/bad/2026_CAE03011120.stndata
climate_daily_AB_3011240_2026_P1D.csv,3011240,CAMROSE,-112.82,53.05,365,365,365,106,106,106,0,0,0,GOOD,,transformed/good/2026_CAE03011240.stndata
climate_daily_AB_3011887_2026_P1D.csv,3011887,CORONATION CLIMATE,-111.45,52.07,365,365,365,112,112,153,0,0,0,GOOD,,transformed/good/2026_CAE03011887.stndata
climate_daily_AB_3011953_2026_P1D.csv,3011953,DAKOTA WEST,-113.95,52.75,365,365,365,365,365,355,96,10,0,BAD,tmax/tmin/prcp all missing >= 180 days (365/365/355),transformed/bad/2026_CAE03011953.stndata
climate_daily_AB_3012206_2026_P1D.csv,3012206,EDMONTON INTERNATIONAL CS,-113.61,53.31,365,365,365,115,115,115,0,0,0,GOOD,,transformed/good/2026_CAE03012206.stndata
climate_daily_AB_3012209_2026_P1D.csv,3012209,EDMONTON BLATCHFORD,-113.52,53.57,365,365,365,111,111,111,0,0,0,GOOD,,transformed/good/2026_CAE03012209.stndata
climate_daily_AB_3012216_2026_P1D.csv,3012216,EDMONTON INTL A,-113.58,53.31,365,365,365,106,106,105,0,62,0,GOOD,,transformed/good/2026_CAE03012216.stndata
climate_daily_AB_3012229_2026_P1D.csv,3012229,EDMONTON VILLENEUVE A,-113.86,53.67,365,365,365,107,107,106,0,0,0,GOOD,,transformed/good/2026_CAE03012229.stndata
climate_daily_AB_301222F_2026_P1D.csv,301222F,EDMONTON STONY PLAIN UA,-114.11,53.55,365,365,365,365,365,356,111,9,0,BAD,tmax/tmin/prcp all missing >= 180 days (365/365/356),transformed/bad/2026_CAE0301222F.stndata
climate_daily_AB_3012275_2026_P1D.csv,3012275,ELK ISLAND NAT PARK,-112.87,53.68,365,365,365,106,106,107,0,0,0,GOOD,,transformed/good/2026_CAE03012275.stndata
climate_daily_AB_3012515_2026_P1D.csv,3012515,FABYAN,-111.0,52.97,365,365,365,365,365,354,255,11,0,BAD,tmax/tmin/prcp all missing >= 180 days (365/365/354),transformed/bad/2026_CAE03012515.stndata
climate_daily_AB_3012710_2026_P1D.csv,3012710,FORT SASKATCHEWAN,-113.18,53.72,365,365,365,365,365,362,101,3,0,BAD,tmax/tmin/prcp all missing >= 180 days (365/365/362),transformed/bad/2026_CAE03012710.stndata
climate_daily_AB_3013959_2026_P1D.csv,3013959,LLOYDMINSTER,-110.07,53.31,365,365,365,105,105,106,0,0,0,GOOD,,transformed/good/2026_CAE03013959.stndata
climate_daily_AB_3013961_2026_P1D.csv,3013961,LLOYDMINSTER A,-110.07,53.31,365,365,365,365,365,346,256,19,0,BAD,tmax/tmin/prcp all missing >= 180 days (365/365/346),transformed/bad/2026_CAE03013961.stndata
climate_daily_AB_3014600_2026_P1D.csv,3014600,MONITOR,-110.55,52.02,365,365,365,365,365,362,258,3,0,BAD,tmax/tmin/prcp all missing >= 180 days (365/365/362),transformed/bad/2026_CAE03014600.stndata
climate_daily_AB_3015401_2026_P1D.csv,3015401,RANFURLY AUTO,-111.73,53.42,365,365,365,106,106,106,0,0,0,GOOD,,transformed/good/2026_CAE03015401.stndata
climate_daily_AB_3015523_2026_P1D.csv,3015523,ROCKY MTN HOUSE (AUT),-114.91,52.42,365,365,365,105,105,105,0,0,0,GOOD,,transformed/good/2026_CAE03015523.stndata
climate_daily_AB_3016650_2026_P1D.csv,3016650,UNCAS,-113.03,53.5,365,365,365,365,365,333,259,32,0,BAD,tmax/tmin/prcp all missing >= 180 days (365/365/333),transformed/bad/2026_CAE03016650.stndata
climate_daily_AB_3016GF0_2026_P1D.csv,3016GF0,VEGREVILLE,-112.1,53.51,365,365,365,107,107,107,0,0,0,GOOD,,transformed/good/2026_CAE03016GF0.stndata
climate_daily_AB_301A001_2026_P1D.csv,301A001,EDMONTON STONY PLAIN CS,-114.11,53.55,365,365,365,105,105,105,0,0,0,GOOD,,transformed/good/2026_CAE0301A001.stndata
climate_daily_AB_301B460_2026_P1D.csv,301B460,ESTHER 1,-110.21,51.67,365,365,365,112,112,113,0,0,0,GOOD,,transformed/good/2026_CAE0301B460.stndata
climate_daily_AB_301S001_2026_P1D.csv,301S001,WAINWRIGHT CFB AIRFIELD 21,-111.1,52.83,365,365,365,107,107,107,0,0,0,GOOD,,transformed/good/2026_CAE0301S001.stndata
climate_daily_AB_30221LG_2026_P1D.csv,30221LG,DRUMHELLER EAST,-112.68,51.45,365,365,365,105,105,105,0,0,0,GOOD,,transformed/good/2026_CAE030221LG.stndata
climate_daily_AB_3023722_2026_P1D.csv,3023722,LACOMBE CDA 2,-113.76,52.45,365,365,365,107,107,107,0,0,0,GOOD,,transformed/good/2026_CAE03023722.stndata
climate_daily_AB_3025484_2026_P1D.csv,3025484,RED DEER REGIONAL A,-113.89,52.18,365,365,365,114,114,116,0,0,0,GOOD,,transformed/good/2026_CAE03025484.stndata
climate_daily_AB_3026KNQ_2026_P1D.csv,3026KNQ,SUNDRE A,-114.68,51.78,365,365,365,107,107,107,0,0,0,GOOD,,transformed/good/2026_CAE03026KNQ.stndata
climate_daily_AB_3030768_2026_P1D.csv,3030768,BOW ISLAND,-111.45,49.73,365,365,365,106,106,106,0,0,0,GOOD,,transformed/good/2026_CAE03030768.stndata
climate_daily_AB_3030QLP_2026_P1D.csv,3030QLP,BROOKS,-111.85,50.56,365,365,365,108,108,108,0,0,0,GOOD,,transformed/good/2026_CAE03030QLP.stndata
climate_daily_AB_3031092_2026_P1D.csv,3031092,CALGARY INTL A,-114.01,51.12,365,365,365,120,120,107,0,45,0,GOOD,,transformed/good/2026_CAE03031092.stndata
climate_daily_AB_3031094_2026_P1D.csv,3031094,CALGARY INT'L CS,-114.0,51.11,365,365,365,108,108,108,0,0,0,GOOD,,transformed/good/2026_CAE03031094.stndata
climate_daily_AB_3031109_2026_P1D.csv,3031109,CALGARY SPRINGBANK A,-114.37,51.11,365,365,365,106,106,127,0,0,0,GOOD,,transformed/good/2026_CAE03031109.stndata
climate_daily_AB_3031322_2026_P1D.csv,3031322,CARDSTON,-113.29,49.2,365,365,365,111,111,267,0,0,0,GOOD,,transformed/good/2026_CAE03031322.stndata
climate_daily_AB_3031402_2026_P1D.csv,3031402,CARWAY,-113.38,49.0,365,365,365,106,106,106,0,0,0,GOOD,,transformed/good/2026_CAE03031402.stndata
climate_daily_AB_3031640_2026_P1D.csv,3031640,CLARESHOLM,-113.64,50.0,365,365,365,130,130,130,0,0,0,GOOD,,transformed/good/2026_CAE03031640.stndata
climate_daily_AB_3031875_2026_P1D.csv,3031875,COP UPPER,-114.22,51.08,365,365,365,106,106,106,0,0,0,GOOD,,transformed/good/2026_CAE03031875.stndata
climate_daily_AB_3033875_2026_P1D.csv,3033875,LETHBRIDGE,-112.8,49.63,365,365,365,105,105,106,0,0,0,GOOD,,transformed/good/2026_CAE03033875.stndata
climate_daily_AB_3033890_2026_P1D.csv,3033890,LETHBRIDGE CDA,-112.77,49.7,365,365,365,107,107,107,0,0,0,GOOD,,transformed/good/2026_CAE03033890.stndata
climate_daily_AB_3033892_2026_P1D.csv,3033892,LETHBRIDGE CDA 2,-112.78,49.7,365,365,365,365,365,361,143,4,0,BAD,tmax/tmin/prcp all missing >= 180 days (365/365/361),transformed/bad/2026_CAE03033892.stndata
climate_daily_AB_3034479_2026_P1D.csv,3034479,MEDICINE HAT,-110.72,50.02,365,365,365,107,107,107,0,0,0,GOOD,,transformed/good/2026_CAE03034479.stndata
climate_daily_AB_3034485_2026_P1D.csv,3034485,MEDICINE HAT RCS,-110.72,50.03,365,365,365,122,123,110,0,0,0,GOOD,,transformed/good/2026_CAE03034485.stndata
climate_daily_AB_3035198_2026_P1D.csv,3035198,PINCHER CREEK,-114.0,49.52,365,365,365,109,109,114,0,0,0,GOOD,,transformed/good/2026_CAE03035198.stndata
climate_daily_AB_3035208_2026_P1D.csv,3035208,PINCHER CREEK CLIMATE,-114.0,49.52,365,365,365,107,107,107,0,0,0,GOOD,,transformed/good/2026_CAE03035208.stndata
climate_daily_AB_3035340_2026_P1D.csv,3035340,QUEENSTOWN,-112.98,50.61,365,365,365,365,365,365,259,0,0,BAD,tmax/tmin/prcp all missing >= 180 days (365/365/365),transformed/bad/2026_CAE03035340.stndata
climate_daily_AB_3036099_2026_P1D.csv,3036099,STAVELY AAFC,-113.88,50.18,365,365,365,105,105,105,0,0,0,GOOD,,transformed/good/2026_CAE03036099.stndata
climate_daily_AB_3036360_2026_P1D.csv,3036360,TABER,-112.12,49.79,365,365,365,365,365,356,200,9,0,BAD,tmax/tmin/prcp all missing >= 180 days (365/365/356),transformed/bad/2026_CAE03036360.stndata
climate_daily_AB_303M9JM_2026_P1D.csv,303M9JM,OKOTOKS,-113.96,50.73,365,365,365,365,365,350,251,15,0,BAD,tmax/tmin/prcp all missing >= 180 days (365/365/350),transformed/bad/2026_CAE0303M9JM.stndata
climate_daily_AB_3044533_2026_P1D.csv,3044533,MILK RIVER,-112.05,49.13,365,365,365,141,141,141,0,0,0,GOOD,,transformed/good/2026_CAE03044533.stndata
climate_daily_AB_3044923_2026_P1D.csv,3044923,ONEFOUR CDA,-110.47,49.12,365,365,365,110,110,106,0,0,0,GOOD,,transformed/good/2026_CAE03044923.stndata
climate_daily_AB_3050519_2026_P1D.csv,3050519,BANFF CS,-115.55,51.19,365,365,365,105,105,105,0,0,0,GOOD,,transformed/good/2026_CAE03050519.stndata
climate_daily_AB_3050602_2026_P1D.csv,3050602,BEAVER MINES,-114.18,49.47,365,365,365,108,108,108,0,0,0,GOOD,,transformed/good/2026_CAE03050602.stndata
climate_daily_AB_3050778_2026_P1D.csv,3050778,BOW VALLEY,-115.07,51.08,365,365,365,108,108,114,0,0,0,GOOD,,transformed/good/2026_CAE03050778.stndata
climate_daily_AB_3051R4R_2026_P1D.csv,3051R4R,CROWSNEST,-114.48,49.63,365,365,365,106,106,221,0,0,0,GOOD,,transformed/good/2026_CAE03051R4R.stndata
climate_daily_AB_3053536_2026_P1D.csv,3053536,JASPER WARDEN,-118.03,52.93,365,365,365,111,111,123,0,0,0,GOOD,,transformed/good/2026_CAE03053536.stndata
climate_daily_AB_3053600_2026_P1D.csv,3053600,KANANASKIS,-115.03,51.03,365,365,365,365,365,363,210,2,0,BAD,tmax/tmin/prcp all missing >= 180 days (365/365/363),transformed/bad/2026_CAE03053600.stndata
climate_daily_AB_3054843_2026_P1D.csv,3054843,NORDEGG CS,-116.04,52.49,365,365,365,106,106,106,0,0,0,GOOD,,transformed/good/2026_CAE03054843.stndata
climate_daily_AB_3055119_2026_P1D.csv,3055119,PEKISKO,-114.42,50.37,365,365,365,266,266,269,0,0,0,BAD,tmax/tmin/prcp all missing >= 180 days (266/266/269),transformed/bad/2026_CAE03055119.stndata
climate_daily_AB_3056214_2026_P1D.csv,3056214,WATERTON PARK GATE,-113.81,49.13,365,365,365,115,115,170,0,0,0,GOOD,,transformed/good/2026_CAE03056214.stndata
climate_daily_AB_3057376_2026_P1D.csv,3057376,WHITECOURT A,-115.79,54.14,365,365,365,105,105,365,0,0,0,GOOD,,transformed/good/2026_CAE03057376.stndata
climate_daily_AB_305MGFF_2026_P1D.csv,305MGFF,NAKISKA RIDGETOP,-115.19,50.94,365,365,365,111,111,365,0,0,0,GOOD,,transformed/good/2026_CAE0305MGFF.stndata
climate_daily_AB_3060535_2026_P1D.csv,3060535,BARRHEAD CS,-114.45,54.09,365,365,365,105,105,105,0,0,0,GOOD,,transformed/good/2026_CAE03060535.stndata
climate_daily_AB_3060903_2026_P1D.csv,3060903,BRULE BLACK CAT,-117.87,53.35,365,365,365,365,365,352,184,13,0,BAD,tmax/tmin/prcp all missing >= 180 days (365/365/352),transformed/bad/2026_CAE03060903.stndata
climate_daily_AB_3060L20_2026_P1D.csv,3060L20,ATHABASCA 1,-113.29,54.72,365,365,365,365,365,365,2,0,0,BAD,tmax/tmin/prcp all missing >= 180 days (365/365/365),transformed/bad/2026_CAE03060L20.stndata
climate_daily_AB_3061201_2026_P1D.csv,3061201,CAMPSIE AUTO,-114.68,54.13,365,365,365,107,107,107,0,0,0,GOOD,,transformed/good/2026_CAE03061201.stndata
climate_daily_AB_3062239_2026_P1D.csv,3062239,EDSON,-116.47,53.58,365,365,365,123,123,119,0,0,0,GOOD,,transformed/good/2026_CAE03062239.stndata
climate_daily_AB_3062246_2026_P1D.csv,3062246,EDSON CLIMATE,-116.45,53.58,365,365,365,107,107,107,0,0,0,GOOD,,transformed/good/2026_CAE03062246.stndata
climate_daily_AB_3062451_2026_P1D.csv,3062451,ENTWISTLE,-114.98,53.6,365,365,365,365,365,360,240,5,0,BAD,tmax/tmin/prcp all missing >= 180 days (365/365/360),transformed/bad/2026_CAE03062451.stndata
climate_daily_AB_3062696_2026_P1D.csv,3062696,FORT MCMURRAY CS,-111.21,56.65,365,365,365,107,107,107,0,0,0,GOOD,,transformed/good/2026_CAE03062696.stndata
climate_daily_AB_3062697_2026_P1D.csv,3062697,FORT MCMURRAY A,-111.22,56.65,365,365,365,106,106,124,0,0,0,GOOD,,transformed/good/2026_CAE03062697.stndata
climate_daily_AB_3063135_2026_P1D.csv,3063135,HENDRICKSON CREEK,-118.45,53.8,365,365,365,107,107,107,0,0,0,GOOD,,transformed/good/2026_CAE03063135.stndata
climate_daily_AB_3063600_2026_P1D.csv,3063600,ISLAND LAKE SOUTH,-113.54,54.82,365,365,365,105,105,105,0,0,0,GOOD,,transformed/good/2026_CAE03063600.stndata
climate_daily_AB_3063686_2026_P1D.csv,3063686,LAC LA BICHE CLIMATE,-112.02,54.77,365,365,365,107,107,107,0,0,0,GOOD,,transformed/good/2026_CAE03063686.stndata
climate_daily_AB_3064528_2026_P1D.csv,3064528,MILDRED LAKE,-111.56,57.04,365,365,365,106,106,106,0,0,0,GOOD,,transformed/good/2026_CAE03064528.stndata
climate_daily_AB_3065995_2026_P1D.csv,3065995,SLAVE LAKE,-114.78,55.29,365,365,365,113,113,115,0,0,0,GOOD,,transformed/good/2026_CAE03065995.stndata
climate_daily_AB_3065997_2026_P1D.csv,3065997,SLAVE LAKE RCS,-114.78,55.29,365,365,365,110,110,110,0,0,0,GOOD,,transformed/good/2026_CAE03065997.stndata
climate_daily_AB_306GE70_2026_P1D.csv,306GE70,WILLOW CREEK 1,-118.35,53.39,365,365,365,236,236,237,0,0,0,BAD,tmax/tmin/prcp all missing >= 180 days (236/236/237),transformed/bad/2026_CAE0306GE70.stndata
climate_daily_AB_3070600_2026_P1D.csv,3070600,BEAVERLODGE RCS,-119.4,55.2,365,365,365,108,108,108,0,0,0,GOOD,,transformed/good/2026_CAE03070600.stndata
climate_daily_AB_3072246_2026_P1D.csv,3072246,EGG ISLAND,-110.44,58.98,365,365,365,164,164,365,0,0,0,GOOD,,transformed/good/2026_CAE03072246.stndata
climate_daily_AB_3072655_2026_P1D.csv,3072655,FORT CHIPEWYAN,-111.12,58.77,365,365,365,108,108,186,0,0,0,GOOD,,transformed/good/2026_CAE03072655.stndata
climate_daily_AB_3072659_2026_P1D.csv,3072659,FORT CHIPEWYAN RCS,-111.12,58.77,365,365,365,111,111,111,0,0,0,GOOD,,transformed/good/2026_CAE03072659.stndata
climate_daily_AB_3072723_2026_P1D.csv,3072723,FORT VERMILION,-116.04,58.38,365,365,365,109,109,110,0,0,0,GOOD,,transformed/good/2026_CAE03072723.stndata
climate_daily_AB_3072921_2026_P1D.csv,3072921,GRANDE PRAIRIE A,-118.88,55.18,365,365,365,120,120,108,0,48,0,GOOD,,transformed/good/2026_CAE03072921.stndata
climate_daily_AB_3073140_2026_P1D.csv,3073140,HIGH LEVEL A,-117.16,58.62,365,365,365,117,117,114,0,0,0,GOOD,,transformed/good/2026_CAE03073140.stndata
climate_daily_AB_3073148_2026_P1D.csv,3073148,HIGH LEVEL,-117.16,58.63,365,365,365,107,107,107,0,0,0,GOOD,,transformed/good/2026_CAE03073148.stndata
climate_daily_AB_3074182_2026_P1D.csv,3074182,MANNING,-117.64,56.95,365,365,365,365,365,365,1,0,0,BAD,tmax/tmin/prcp all missing >= 180 days (365/365/365),transformed/bad/2026_CAE03074182.stndata
climate_daily_AB_3075041_2026_P1D.csv,3075041,PEACE RIVER A,-117.45,56.23,365,365,365,115,115,117,0,0,0,GOOD,,transformed/good/2026_CAE03075041.stndata
climate_daily_AB_3075043_2026_P1D.csv,3075043,ROMA,-117.45,56.19,365,365,365,107,107,107,0,0,0,GOOD,,transformed/good/2026_CAE03075043.stndata
climate_daily_AB_3075488_2026_P1D.csv,3075488,RED EARTH,-115.28,56.55,365,365,365,108,108,218,0,0,0,GOOD,,transformed/good/2026_CAE03075488.stndata
climate_daily_AB_307KPFP_2026_P1D.csv,307KPFP,GARDEN RIVER,-113.87,58.71,365,365,365,106,106,365,0,0,0,GOOD,,transformed/good/2026_CAE0307KPFP.stndata
climate_daily_AB_3081680_2026_P1D.csv,3081680,COLD LAKE A,-110.28,54.42,365,365,365,108,108,108,0,51,0,GOOD,,transformed/good/2026_CAE03081680.stndata
climate_daily_BC_1012055_2026_P1D.csv,1012055,LAKE COWICHAN,-124.05,48.83,365,365,365,365,365,362,182,3,0,BAD,tmax/tmin/prcp all missing >= 180 days (365/365/362),transformed/bad/2026_CAE01012055.stndata
climate_daily_BC_1012475_2026_P1D.csv,1012475,DISCOVERY ISLAND,-123.23,48.42,365,365,365,106,106,365,0,0,0,GOOD,,transformed/good/2026_CAE01012475.stndata
climate_daily_BC_1012710_2026_P1D.csv,1012710,ESQUIMALT HARBOUR,-123.44,48.43,365,365,365,107,107,110,0,0,0,GOOD,,transformed/good/2026_CAE01012710.stndata
climate_daily_BC_1013998_2026_P1D.csv,1013998,KELP REEFS,-123.24,48.55,365,365,365,365,365,365,0,0,0,BAD,tmax/tmin/prcp all missing >= 180 days (365/365/365),transformed/bad/2026_CAE01013998.stndata
climate_daily_BC_1015105_2026_P1D.csv,1015105,METCHOSIN,-123.56,48.37,365,365,365,365,365,361,242,4,0,BAD,tmax/tmin/prcp all missing >= 180 days (365/365/361),transformed/bad/2026_CAE01015105.stndata
climate_daily_BC_1015628_2026_P1D.csv,1015628,NORTH COWICHAN,-123.72,48.82,365,365,365,365,365,362,259,3,0,BAD,tmax/tmin/prcp all missing >= 180 days (365/365/362),transformed/bad/2026_CAE01015628.stndata
climate_daily_BC_1015630_2026_P1D.csv,1015630,NORTH COWICHAN,-123.72,48.82,365,365,365,105,105,105,0,0,0,GOOD,,transformed/good/2026_CAE01015630.stndata
climate_daily_BC_1015638_2026_P1D.csv,1015638,NORTH PENDER ISLAND,-123.29,48.76,365,365,365,365,365,357,211,8,0,BAD,tmax/tmin/prcp all missing >= 180 days (365/365/357),transformed/bad/2026_CAE01015638.stndata
climate_daily_BC_1016640_2026_P1D.csv,1016640,RACE ROCKS,-123.53,48.3,365,365,365,105,105,365,0,0,0,GOOD,,transformed/good/2026_CAE01016640.stndata
climate_daily_BC_1016943_2026_P1D.csv,1016943,SAANICHTON CFIA,-123.42,48.62,365,365,365,107,107,107,0,0,0,GOOD,,transformed/good/2026_CAE01016943.stndata
climate_daily_BC_1016RM0_2026_P1D.csv,1016RM0,SAANICHTON MT NEWTON,-123.43,48.6,365,365,365,365,365,365,259,0,0,BAD,tmax/tmin/prcp all missing >= 180 days (365/365/365),transformed/bad/2026_CAE01016RM0.stndata
climate_daily_BC_1017099_2026_P1D.csv,1017099,SATURNA CAPMON CS,-123.13,48.78,365,365,365,107,107,107,0,0,0,GOOD,,transformed/good/2026_CAE01017099.stndata
climate_daily_BC_1017101_2026_P1D.csv,1017101,SATURNA ISLAND CS,-123.04,48.78,365,365,365,106,106,106,0,0,0,GOOD,,transformed/good/2026_CAE01017101.stndata
climate_daily_BC_1017254_2026_P1D.csv,1017254,SHERINGHAM POINT,-123.92,48.38,365,365,365,298,298,298,0,0,0,BAD,tmax/tmin/prcp all missing >= 180 days (298/298/298),transformed/bad/2026_CAE01017254.stndata
climate_daily_BC_1018598_2026_P1D.csv,1018598,VICTORIA UNIVERSITY CS,-123.3,48.46,365,365,365,107,107,107,0,0,0,GOOD,,transformed/good/2026_CAE01018598.stndata
climate_daily_BC_1018611_2026_P1D.csv,1018611,VICTORIA GONZALES CS,-123.32,48.41,365,365,365,106,106,110,0,0,0,GOOD,,transformed/good/2026_CAE01018611.stndata
climate_daily_BC_1018621_2026_P1D.csv,1018621,VICTORIA INTL A,-123.43,48.65,365,365,365,108,108,105,0,22,0,GOOD,,transformed/good/2026_CAE01018621.stndata
climate_daily_BC_1018633_2026_P1D.csv,1018633,VICTORIA HARBOUR A,-123.39,48.42,365,365,365,106,106,365,0,0,0,GOOD,,transformed/good/2026_CAE01018633.stndata
climate_daily_BC_1020590_2026_P1D.csv,1020590,BALLENAS ISLAND,-124.16,49.35,365,365,365,131,131,131,0,0,0,GOOD,,transformed/good/2026_CAE01020590.stndata
climate_daily_BC_1021261_2026_P1D.csv,1021261,CAMPBELL RIVER A,-125.27,49.95,365,365,365,365,365,352,259,13,0,BAD,tmax/tmin/prcp all missing >= 180 days (365/365/352),transformed/bad/2026_CAE01021261.stndata
climate_daily_BC_1021270_2026_P1D.csv,1021270,CAMPBELL RIVER A,-125.27,49.95,365,365,365,105,105,365,0,0,0,GOOD,,transformed/good/2026_CAE01021270.stndata
climate_daily_BC_1021330_2026_P1D.csv,1021330,CAPE MUDGE,-125.2,50.0,365,365,365,365,365,357,259,8,0,BAD,tmax/tmin/prcp all missing >= 180 days (365/365/357),transformed/bad/2026_CAE01021330.stndata
climate_daily_BC_1021480_2026_P1D.csv,1021480,CHATHAM POINT,-125.45,50.33,365,365,365,365,365,363,181,2,0,BAD,tmax/tmin/prcp all missing >= 180 days (365/365/363),transformed/bad/2026_CAE01021480.stndata
climate_daily_BC_1021830_2026_P1D.csv,1021830,COMOX A,-124.9,49.72,365,365,365,105,105,105,0,26,0,GOOD,,transformed/good/2026_CAE01021830.stndata
climate_daily_BC_1021988_2026_P1D.csv,1021988,COURTENAY GRANTHAM,-125.0,49.76,365,365,365,365,365,364,129,1,0,BAD,tmax/tmin/prcp all missing >= 180 days (365/365/364),transformed/bad/2026_CAE01021988.stndata
climate_daily_BC_1021989_2026_P1D.csv,1021989,COURTENAY PUNTLEDGE,-125.03,49.69,365,365,365,365,365,365,75,0,0,BAD,tmax/tmin/prcp all missing >= 180 days (365/365/365),transformed/bad/2026_CAE01021989.stndata
climate_daily_BC_1022689_2026_P1D.csv,1022689,ENTRANCE ISLAND,-123.81,49.21,365,365,365,127,127,127,0,0,0,GOOD,,transformed/good/2026_CAE01022689.stndata
climate_daily_BC_1022795_2026_P1D.csv,1022795,FANNY ISLAND,-125.99,50.45,365,365,365,117,117,121,0,0,0,GOOD,,transformed/good/2026_CAE01022795.stndata
climate_daily_BC_1025365_2026_P1D.csv,1025365,NANAIMO A,-123.87,49.05,365,365,365,105,105,365,0,0,0,GOOD,,transformed/good/2026_CAE01025365.stndata
climate_daily_BC_10253G0_2026_P1D.csv,10253G0,NANAIMO CITY YARD,-123.99,49.2,365,365,365,365,365,365,260,0,0,BAD,tmax/tmin/prcp all missing >= 180 days (365/365/365),transformed/bad/2026_CAE010253G0.stndata
climate_daily_BC_1026271_2026_P1D.csv,1026271,PORT HARDY A,-127.37,50.68,365,365,365,111,111,107,0,14,0,GOOD,,transformed/good/2026_CAE01026271.stndata
climate_daily_BC_1026273_2026_P1D.csv,1026273,PORT HARDY AIRPORT,-127.38,50.68,365,365,365,107,107,107,0,0,0,GOOD,,transformed/good/2026_CAE01026273.stndata
climate_daily_BC_1026562_2026_P1D.csv,1026562,QUALICUM BEACH AIRPORT,-124.39,49.34,365,365,365,106,106,106,0,0,0,GOOD,,transformed/good/2026_CAE01026562.stndata
climate_daily_BC_1026565_2026_P1D.csv,1026565,QUALICUM R FISH RESEARCH,-124.62,49.39,365,365,365,365,365,365,116,0,0,BAD,tmax/tmin/prcp all missing >= 180 days (365/365/365),transformed/bad/2026_CAE01026565.stndata
climate_daily_BC_1026639_2026_P1D.csv,1026639,QUINSAM RIVER HATCHERY,-125.3,50.02,365,365,365,365,365,365,258,0,0,BAD,tmax/tmin/prcp all missing >= 180 days (365/365/365),transformed/bad/2026_CAE01026639.stndata
climate_daily_BC_1027403_2026_P1D.csv,1027403,SISTERS ISLAND,-124.43,49.49,365,365,365,105,105,365,0,0,0,GOOD,,transformed/good/2026_CAE01027403.stndata
climate_daily_BC_1030230_2026_P1D.csv,1030230,ALBERNI ROBERTSON CREEK,-124.98,49.34,365,365,365,365,365,361,247,4,0,BAD,tmax/tmin/prcp all missing >= 180 days (365/365/361),transformed/bad/2026_CAE01030230.stndata
climate_daily_BC_1031316_2026_P1D.csv,1031316,CAPE BEALE LIGHT,-125.22,48.79,365,365,365,365,365,355,258,10,0,BAD,tmax/tmin/prcp all missing >= 180 days (365/365/355),transformed/bad/2026_CAE01031316.stndata
climate_daily_BC_1031353_2026_P1D.csv,1031353,CAPE SCOTT,-128.43,50.78,365,365,365,365,365,347,259,18,0,BAD,tmax/tmin/prcp all missing >= 180 days (365/365/347),transformed/bad/2026_CAE01031353.stndata
climate_daily_BC_1032730_2026_P1D.csv,1032730,ESTEVAN POINT,-126.54,49.38,365,365,365,365,365,362,183,3,0,BAD,tmax/tmin/prcp all missing >= 180 days (365/365/362),transformed/bad/2026_CAE01032730.stndata
climate_daily_BC_1032731_2026_P1D.csv,1032731,ESTEVAN POINT CS,-126.54,49.38,365,365,365,111,111,188,0,0,0,GOOD,,transformed/good/2026_CAE01032731.stndata
climate_daily_BC_1034600_2026_P1D.csv,1034600,LENNARD ISLAND,-125.92,49.11,365,365,365,365,365,360,259,5,0,BAD,tmax/tmin/prcp all missing >= 180 days (365/365/360),transformed/bad/2026_CAE01034600.stndata
climate_daily_BC_1035612_2026_P1D.csv,1035612,NITINAT RIVER HATCHERY,-124.66,48.86,365,365,365,365,365,361,242,4,0,BAD,tmax/tmin/prcp all missing >= 180 days (365/365/361),transformed/bad/2026_CAE01035612.stndata
climate_daily_BC_1035614_2026_P1D.csv,1035614,NOOTKA LIGHTSTATION,-126.62,49.6,365,365,365,365,365,356,244,9,0,BAD,tmax/tmin/prcp all missing >= 180 days (365/365/356),transformed/bad/2026_CAE01035614.stndata
climate_daily_BC_1036570_2026_P1D.csv,1036570,QUATSINO,-127.65,50.53,365,365,365,365,365,343,217,22,0,BAD,tmax/tmin/prcp all missing >= 180 days (365/365/343),transformed/bad/2026_CAE01036570.stndata
climate_daily_BC_1036572_2026_P1D.csv,1036572,QUATSINO LIGHTSTATION,-128.03,50.44,365,365,365,365,365,359,251,6,0,BAD,tmax/tmin/prcp all missing >= 180 days (365/365/359),transformed/bad/2026_CAE01036572.stndata
climate_daily_BC_1036B06_2026_P1D.csv,1036B06,PORT ALBERNI (AUT),-124.93,49.32,365,365,365,107,107,107,0,0,0,GOOD,,transformed/good/2026_CAE01036B06.stndata
climate_daily_BC_1037090_2026_P1D.csv,1037090,SARTINE ISLAND (AUT),-128.91,50.82,365,365,365,134,134,141,0,0,0,GOOD,,transformed/good/2026_CAE01037090.stndata
climate_daily_BC_1037553_2026_P1D.csv,1037553,SOLANDER ISLAND (AUT),-127.94,50.11,365,365,365,114,114,115,0,0,0,GOOD,,transformed/good/2026_CAE01037553.stndata
climate_daily_BC_1037899_2026_P1D.csv,1037899,TAHSIS VILLAGE NORTH,-126.65,49.93,365,365,365,365,365,365,143,0,0,BAD,tmax/tmin/prcp all missing >= 180 days (365/365/365),transformed/bad/2026_CAE01037899.stndata
climate_daily_BC_1038210_2026_P1D.csv,1038210,TOFINO A,-125.77,49.08,365,365,365,107,107,365,0,0,0,GOOD,,transformed/good/2026_CAE01038210.stndata
climate_daily_BC_1038332_2026_P1D.csv,1038332,UCLUELET KENNEDY CAMP,-125.53,48.95,365,365,365,365,365,353,257,12,0,BAD,tmax/tmin/prcp all missing >= 180 days (365/365/353),transformed/bad/2026_CAE01038332.stndata
climate_daily_BC_1039035_2026_P1D.csv,1039035,ZEBALLOS MURAUDE CREEK,-126.78,50.05,365,365,365,365,365,363,211,2,0,BAD,tmax/tmin/prcp all missing >= 180 days (365/365/363),transformed/bad/2026_CAE01039035.stndata
climate_daily_BC_104091B_2026_P1D.csv,104091B,BOWEN ISLAND SUNSET PARK,-123.4,49.36,365,365,365,365,365,330,239,35,0,BAD,tmax/tmin/prcp all missing >= 180 days (365/365/330),transformed/bad/2026_CAE0104091B.stndata
climate_daily_BC_1043152_2026_P1D.csv,1043152,GIBSONS GOWER POINT,-123.54,49.39,365,365,365,365,365,361,255,4,0,BAD,tmax/tmin/prcp all missing >= 180 days (365/365/361),transformed/bad/2026_CAE01043152.stndata
climate_daily_BC_1043304_2026_P1D.csv,1043304,GRIEF POINT,-124.53,49.8,365,365,365,365,365,365,0,0,0,BAD,tmax/tmin/prcp all missing >= 180 days (365/365/365),transformed/bad/2026_CAE01043304.stndata
climate_daily_BC_1045100_2026_P1D.csv,1045100,MERRY ISLAND LIGHTSTATION,-123.91,49.47,365,365,365,365,365,359,258,6,0,BAD,tmax/tmin/prcp all missing >= 180 days (365/365/359),transformed/bad/2026_CAE01045100.stndata
climate_daily_BC_10459NN_2026_P1D.csv,10459NN,HOWE SOUND - PAM ROCKS,-123.3,49.49,365,365,365,106,106,107,0,0,0,GOOD,,transformed/good/2026_CAE010459NN.stndata
climate_daily_BC_1046115_2026_P1D.csv,1046115,PENDER HARBOUR,-124.03,49.63,365,365,365,365,365,361,260,4,0,BAD,tmax/tmin/prcp all missing >= 180 days (365/365/361),transformed/bad/2026_CAE01046115.stndata
climate_daily_BC_1046332_2026_P1D.csv,1046332,PORT MELLON,-123.5,49.53,365,365,365,105,105,105,0,0,0,GOOD,,transformed/good/2026_CAE01046332.stndata
climate_daily_BC_1046391_2026_P1D.csv,1046391,POWELL RIVER A,-124.5,49.83,365,365,365,365,365,340,251,25,0,BAD,tmax/tmin/prcp all missing >= 180 days (365/365/340),transformed/bad/2026_CAE01046391.stndata
climate_daily_BC_1046392_2026_P1D.csv,1046392,POWELL RIVER,-124.5,49.83,365,365,365,105,105,105,0,0,0,GOOD,,transformed/good/2026_CAE01046392.stndata
climate_daily_BC_1046396_2026_P1D.csv,1046396,POWELL RIVER A,-124.5,49.83,365,365,365,110,110,365,0,0,0,GOOD,,transformed/good/2026_CAE01046396.stndata
climate_daily_BC_1047172_2026_P1D.csv,1047172,SECHELT AUT,-123.72,49.46,365,365,365,105,105,105,0,0,0,GOOD,,transformed/good/2026_CAE01047172.stndata
climate_daily_BC_10476F0_2026_P1D.csv,10476F0,SQUAMISH AIRPORT,-123.16,49.78,365,365,365,105,105,105,0,0,0,GOOD,,transformed/good/2026_CAE010476F0.stndata
climate_daily_BC_1051351_2026_P1D.csv,1051351,CAPE ST JAMES,-131.02,51.94,365,365,365,183,183,218,0,0,0,BAD,tmax/tmin/prcp all missing >= 180 days (183/183/218),transformed/bad/2026_CAE01051351.stndata
climate_daily_BC_1054222_2026_P1D.csv,1054222,KINDAKUN ROCKS (AUT),-132.77,53.32,365,365,365,230,231,251,0,0,0,BAD,tmax/tmin/prcp all missing >= 180 days (230/231/251),transformed/bad/2026_CAE01054222.stndata
climate_daily_BC_1054500_2026_P1D.csv,1054500,LANGARA,-133.06,54.26,365,365,365,365,365,336,215,29,0,BAD,tmax/tmin/prcp all missing >= 180 days (365/365/336),transformed/bad/2026_CAE01054500.stndata
climate_daily_BC_1054503_2026_P1D.csv,1054503,LANGARA ISLAND RCS,-133.06,54.26,365,365,365,190,190,194,0,0,0,BAD,tmax/tmin/prcp all missing >= 180 days (190/190/194),transformed/bad/2026_CAE01054503.stndata
climate_daily_BC_1054929_2026_P1D.csv,1054929,MASSET A,-132.13,54.03,365,365,365,110,110,365,0,0,0,GOOD,,transformed/good/2026_CAE01054929.stndata
climate_daily_BC_1056869_2026_P1D.csv,1056869,ROSE SPIT (AUT),-131.66,54.16,365,365,365,106,106,365,0,0,0,GOOD,,transformed/good/2026_CAE01056869.stndata
climate_daily_BC_1057051_2026_P1D.csv,1057051,SANDSPIT AIRPORT AUTO,-131.81,53.25,365,365,365,108,108,108,0,0,0,GOOD,,transformed/good/2026_CAE01057051.stndata
climate_daily_BC_1057052_2026_P1D.csv,1057052,SANDSPIT,-131.81,53.25,365,365,365,108,108,108,0,0,0,GOOD,,transformed/good/2026_CAE01057052.stndata
climate_daily_BC_1060080_2026_P1D.csv,1060080,ADDENBROKE ISLAND,-127.86,51.6,365,365,365,365,365,358,195,7,0,BAD,tmax/tmin/prcp all missing >= 180 days (365/365/358),transformed/bad/2026_CAE01060080.stndata
climate_daily_BC_1060815_2026_P1D.csv,1060815,BELLA BELLA,-128.16,52.19,365,365,365,110,110,110,0,0,0,GOOD,,transformed/good/2026_CAE01060815.stndata
climate_daily_BC_1060844_2026_P1D.csv,1060844,BELLA COOLA AIRPORT,-126.59,52.39,365,365,365,108,108,108,0,0,0,GOOD,,transformed/good/2026_CAE01060844.stndata
climate_daily_BC_1060848_2026_P1D.csv,1060848,BELLA COOLA A,-126.6,52.39,365,365,365,118,118,365,0,0,0,GOOD,,transformed/good/2026_CAE01060848.stndata
climate_daily_BC_1060901_2026_P1D.csv,1060901,BOAT BLUFF,-128.52,52.64,365,365,365,365,365,364,234,1,0,BAD,tmax/tmin/prcp all missing >= 180 days (365/365/364),transformed/bad/2026_CAE01060901.stndata
climate_daily_BC_1060902_2026_P1D.csv,1060902,BONILLA ISLAND,-130.64,53.49,365,365,365,365,365,357,248,8,0,BAD,tmax/tmin/prcp all missing >= 180 days (365/365/357),transformed/bad/2026_CAE01060902.stndata
climate_daily_BC_1060R0K_2026_P1D.csv,1060R0K,BONILLA ISLAND (AUT),-130.64,53.49,365,365,365,109,109,118,0,0,0,GOOD,,transformed/good/2026_CAE01060R0K.stndata
climate_daily_BC_1061458_2026_P1D.csv,1061458,CATHEDRAL POINT (AUT),-127.47,52.19,365,365,365,112,112,137,0,0,0,GOOD,,transformed/good/2026_CAE01061458.stndata
climate_daily_BC_1062251_2026_P1D.csv,1062251,CUMSHEWA ISLAND,-131.6,53.03,365,365,365,112,112,121,0,0,0,GOOD,,transformed/good/2026_CAE01062251.stndata
climate_daily_BC_1062544_2026_P1D.csv,1062544,DRYAD POINT,-128.11,52.19,365,365,365,365,365,355,213,10,0,BAD,tmax/tmin/prcp all missing >= 180 days (365/365/355),transformed/bad/2026_CAE01062544.stndata
climate_daily_BC_1062646_2026_P1D.csv,1062646,EGG ISLAND,-127.84,51.25,365,365,365,365,365,364,108,1,0,BAD,tmax/tmin/prcp all missing >= 180 days (365/365/364),transformed/bad/2026_CAE01062646.stndata
climate_daily_BC_1063298_2026_P1D.csv,1063298,GREEN ISLAND,-130.71,54.57,365,365,365,365,365,360,181,5,0,BAD,tmax/tmin/prcp all missing >= 180 days (365/365/360),transformed/bad/2026_CAE01063298.stndata
climate_daily_BC_1063303_2026_P1D.csv,1063303,GREY ISLET (AUT),-130.7,54.58,365,365,365,105,105,124,0,0,0,GOOD,,transformed/good/2026_CAE01063303.stndata
climate_daily_BC_1063461_2026_P1D.csv,1063461,HERBERT ISLAND (AUT),-127.63,50.94,365,365,365,107,107,108,0,0,0,GOOD,,transformed/good/2026_CAE01063461.stndata
climate_daily_BC_1063496_2026_P1D.csv,1063496,HOLLAND ROCK,-130.36,54.17,365,365,365,106,106,122,0,0,0,GOOD,,transformed/good/2026_CAE01063496.stndata
climate_daily_BC_1063690_2026_P1D.csv,1063690,IVORY ISLAND,-128.41,52.27,365,365,365,365,365,362,189,3,0,BAD,tmax/tmin/prcp all missing >= 180 days (365/365/362),transformed/bad/2026_CAE01063690.stndata
climate_daily_BC_1064020_2026_P1D.csv,1064020,KEMANO,-127.94,53.56,365,365,365,365,365,356,260,9,0,BAD,tmax/tmin/prcp all missing >= 180 days (365/365/356),transformed/bad/2026_CAE01064020.stndata
climate_daily_BC_1064324_2026_P1D.csv,1064324,KITIMAT FOREST AVE,-128.63,54.05,365,365,365,107,107,107,0,0,0,GOOD,,transformed/good/2026_CAE01064324.stndata
climate_daily_BC_1064728_2026_P1D.csv,1064728,LUCY ISLAND LIGHTSTATION,-130.61,54.3,365,365,365,105,105,365,0,0,0,GOOD,,transformed/good/2026_CAE01064728.stndata
climate_daily_BC_1065010_2026_P1D.csv,1065010,MCINNES ISLAND,-128.72,52.26,365,365,365,365,365,361,215,4,0,BAD,tmax/tmin/prcp all missing >= 180 days (365/365/361),transformed/bad/2026_CAE01065010.stndata
climate_daily_BC_1066482_2026_P1D.csv,1066482,PRINCE RUPERT,-130.44,54.29,365,365,365,108,108,108,0,0,0,GOOD,,transformed/good/2026_CAE01066482.stndata
climate_daily_BC_1066488_2026_P1D.csv,1066488,PRINCE RUPERT MONT CIRC,-130.29,54.32,365,365,365,365,365,365,53,0,0,BAD,tmax/tmin/prcp all missing >= 180 days (365/365/365),transformed/bad/2026_CAE01066488.stndata
climate_daily_BC_1067748_2026_P1D.csv,1067748,STEWART A,-129.98,55.93,365,365,365,114,114,365,0,0,0,GOOD,,transformed/good/2026_CAE01067748.stndata
climate_daily_BC_1068131_2026_P1D.csv,1068131,TERRACE PCC,-128.62,54.5,365,365,365,365,365,350,159,15,0,BAD,tmax/tmin/prcp all missing >= 180 days (365/365/350),transformed/bad/2026_CAE01068131.stndata
climate_daily_BC_1068134_2026_P1D.csv,1068134,TERRACE A,-128.58,54.47,365,365,365,114,114,109,0,33,0,GOOD,,transformed/good/2026_CAE01068134.stndata
climate_daily_BC_1072692_2026_P1D.csv,1072692,EQUITY SILVER,-126.28,54.2,365,365,365,365,365,362,88,3,0,BAD,tmax/tmin/prcp all missing >= 180 days (365/365/362),transformed/bad/2026_CAE01072692.stndata
climate_daily_BC_1073615_2026_P1D.csv,1073615,HOUSTON,-126.67,54.4,365,365,365,365,365,361,77,4,0,BAD,tmax/tmin/prcp all missing >= 180 days (365/365/361),transformed/bad/2026_CAE01073615.stndata
climate_daily_BC_1077499_2026_P1D.csv,1077499,SMITHERS,-127.18,54.83,365,365,365,106,106,106,0,0,0,GOOD,,transformed/good/2026_CAE01077499.stndata
climate_daily_BC_1077501_2026_P1D.csv,1077501,SMITHERS AIRPORT AUTO,-127.19,54.82,365,365,365,105,105,105,0,0,0,GOOD,,transformed/good/2026_CAE01077501.stndata
climate_daily_BC_1078209_2026_P1D.csv,1078209,TOPLEY LANDING,-126.16,54.82,365,365,365,365,365,365,1,0,0,BAD,tmax/tmin/prcp all missing >= 180 days (365/365/365),transformed/bad/2026_CAE01078209.stndata
climate_daily_BC_107G879_2026_P1D.csv,107G879,SUSKWA VALLEY,-127.17,55.29,365,365,365,365,365,358,244,7,0,BAD,tmax/tmin/prcp all missing >= 180 days (365/365/358),transformed/bad/2026_CAE0107G879.stndata
climate_daily_BC_1085836_2026_P1D.csv,1085836,OOTSA LAKESKINS LAKE CLIMATE,-126.0,53.77,365,365,365,115,115,115,0,0,0,GOOD,,transformed/good/2026_CAE01085836.stndata
climate_daily_BC_1086081_2026_P1D.csv,1086081,PEMBERTON AIRPORT (WIND),-122.74,50.3,365,365,365,106,106,365,0,0,0,GOOD,,transformed/good/2026_CAE01086081.stndata
climate_daily_BC_1086082_2026_P1D.csv,1086082,PEMBERTON AIRPORT CS,-122.73,50.31,365,365,365,105,105,105,0,0,0,GOOD,,transformed/good/2026_CAE01086082.stndata
climate_daily_BC_1086558_2026_P1D.csv,1086558,PUNTZI MOUNTAIN (AUT),-124.14,52.11,365,365,365,138,138,140,0,0,0,GOOD,,transformed/good/2026_CAE01086558.stndata
climate_daily_BC_1088015_2026_P1D.csv,1088015,TATLAYOKO LAKE RCS,-124.4,51.67,365,365,365,113,113,113,0,0,0,GOOD,,transformed/good/2026_CAE01088015.stndata
climate_daily_BC_1090660_2026_P1D.csv,1090660,BARKERVILLE,-121.51,53.07,365,365,365,365,365,355,259,10,0,BAD,tmax/tmin/prcp all missing >= 180 days (365/365/355),transformed/bad/2026_CAE01090660.stndata
climate_daily_BC_1091174_2026_P1D.csv,1091174,BURNS LAKE DECKER LAKE,-125.96,54.38,365,365,365,105,105,105,0,0,0,GOOD,,transformed/good/2026_CAE01091174.stndata
climate_daily_BC_1092977_2026_P1D.csv,1092977,FORT ST JAMES GOLF CLUB,-124.29,54.46,365,365,365,110,110,112,0,0,0,GOOD,,transformed/good/2026_CAE01092977.stndata
climate_daily_BC_1093474_2026_P1D.csv,1093474,HIXON,-122.7,53.53,365,365,365,365,365,364,24,1,0,BAD,tmax/tmin/prcp all missing >= 180 days (365/365/364),transformed/bad/2026_CAE01093474.stndata
climate_daily_BC_1095018_2026_P1D.csv,1095018,MCLEESE LAKE GRANITE MT,-122.29,52.53,365,365,365,365,365,354,209,11,0,BAD,tmax/tmin/prcp all missing >= 180 days (365/365/354),transformed/bad/2026_CAE01095018.stndata
climate_daily_BC_1096439_2026_P1D.csv,1096439,PRINCE GEORGE,-122.68,53.88,365,365,365,107,107,107,0,0,0,GOOD,,transformed/good/2026_CAE01096439.stndata
climate_daily_BC_1096453_2026_P1D.csv,1096453,PRINCE GEORGE AIRPORT AUTO,-122.67,53.89,365,365,365,110,110,111,0,0,0,GOOD,,transformed/good/2026_CAE01096453.stndata
climate_daily_BC_1096454_2026_P1D.csv,1096454,PRINCE GEORGE MASSEY AUTO,-122.79,53.9,365,365,365,105,105,105,0,0,0,GOOD,,transformed/good/2026_CAE01096454.stndata
climate_daily_BC_1096629_2026_P1D.csv,1096629,QUESNEL,-122.51,53.03,365,365,365,108,108,108,0,0,0,GOOD,,transformed/good/2026_CAE01096629.stndata
climate_daily_BC_1096631_2026_P1D.csv,1096631,QUESNEL AIRPORT AUTO,-122.51,53.03,365,365,365,107,107,107,0,0,0,GOOD,,transformed/good/2026_CAE01096631.stndata
climate_daily_BC_1097646_2026_P1D.csv,1097646,SPOKIN LAKE 4E,-121.69,52.18,365,365,365,365,365,349,255,16,0,BAD,tmax/tmin/prcp all missing >= 180 days (365/365/349),transformed/bad/2026_CAE01097646.stndata
climate_daily_BC_1098941_2026_P1D.csv,1098941,WILLIAMS LAKE A,-122.05,52.18,365,365,365,126,126,111,0,26,0,GOOD,,transformed/good/2026_CAE01098941.stndata
climate_daily_BC_1100031_2026_P1D.csv,1100031,ABBOTSFORD A,-122.36,49.03,365,365,365,111,111,106,0,20,0,GOOD,,transformed/good/2026_CAE01100031.stndata
climate_daily_BC_1100032_2026_P1D.csv,1100032,ABBOTSFORD A,-122.36,49.03,365,365,365,108,108,365,0,0,0,GOOD,,transformed/good/2026_CAE01100032.stndata
climate_daily_BC_1100119_2026_P1D.csv,1100119,AGASSIZ RCS,-121.76,49.24,365,365,365,107,107,110,0,0,0,GOOD,,transformed/good/2026_CAE01100119.stndata
climate_daily_BC_1100875_2026_P1D.csv,1100875,WHISTLER - NESTERS,-122.95,50.13,365,365,365,105,105,105,0,0,0,GOOD,,transformed/good/2026_CAE01100875.stndata
climate_daily_BC_1100909_2026_P1D.csv,1100909,VANCOUVER BOUNDARY BAY,-123.01,49.07,365,365,365,105,105,365,0,0,0,GOOD,,transformed/good/2026_CAE01100909.stndata
climate_daily_BC_1101300_2026_P1D.csv,1101300,CALLAGHAN VALLEY,-123.11,50.14,365,365,365,106,106,106,0,0,0,GOOD,,transformed/good/2026_CAE01101300.stndata
climate_daily_BC_1101571_2026_P1D.csv,1101571,CHILLIWACK SOUTH,-121.97,49.11,365,365,365,365,365,357,259,8,0,BAD,tmax/tmin/prcp all missing >= 180 days (365/365/357),transformed/bad/2026_CAE01101571.stndata
climate_daily_BC_1101708_2026_P1D.csv,1101708,CLOVERDALE EAST,-122.7,49.11,365,365,365,365,365,348,254,17,0,BAD,tmax/tmin/prcp all missing >= 180 days (365/365/348),transformed/bad/2026_CAE01101708.stndata
climate_daily_BC_1102221_2026_P1D.csv,1102221,CULTUS LAKE,-121.98,49.08,365,365,365,106,106,131,0,0,0,GOOD,,transformed/good/2026_CAE01102221.stndata
climate_daily_BC_1102415_2026_P1D.csv,1102415,DELTA BURNS BOG,-123.0,49.13,365,365,365,106,106,106,0,0,0,GOOD,,transformed/good/2026_CAE01102415.stndata
climate_daily_BC_1102425_2026_P1D.csv,1102425,DELTA TSAWWASSEN BEACH,-123.09,49.01,365,365,365,365,365,362,257,3,0,BAD,tmax/tmin/prcp all missing >= 180 days (365/365/362),transformed/bad/2026_CAE01102425.stndata
climate_daily_BC_1102912_2026_P1D.csv,1102912,FORT LANGLEY TELEGRAPH TRAIL,-122.55,49.14,365,365,365,365,365,353,255,12,0,BAD,tmax/tmin/prcp all missing >= 180 days (365/365/353),transformed/bad/2026_CAE01102912.stndata
climate_daily_BC_1103332_2026_P1D.csv,1103332,HANEY UBC RF ADMIN,-122.57,49.26,365,365,365,365,365,360,211,5,0,BAD,tmax/tmin/prcp all missing >= 180 days (365/365/360),transformed/bad/2026_CAE01103332.stndata
climate_daily_BC_1104570_2026_P1D.csv,1104570,LANGLEY REGIONAL,-122.63,49.1,365,365,365,107,107,365,0,0,0,GOOD,,transformed/good/2026_CAE01104570.stndata
climate_daily_BC_1105192_2026_P1D.csv,1105192,MISSION WEST ABBEY,-122.27,49.15,365,365,365,365,365,357,252,8,0,BAD,tmax/tmin/prcp all missing >= 180 days (365/365/357),transformed/bad/2026_CAE01105192.stndata
climate_daily_BC_1105658_2026_P1D.csv,1105658,N VANC GROUSE MTN RESORT,-123.08,49.38,365,365,365,365,365,365,235,0,0,BAD,tmax/tmin/prcp all missing >= 180 days (365/365/365),transformed/bad/2026_CAE01105658.stndata
climate_daily_BC_1105669_2026_P1D.csv,1105669,N VANCOUVER WHARVES,-123.12,49.31,365,365,365,365,365,349,258,16,0,BAD,tmax/tmin/prcp all missing >= 180 days (365/365/349),transformed/bad/2026_CAE01105669.stndata
climate_daily_BC_1106178_2026_P1D.csv,1106178,PITT MEADOWS CS,-122.69,49.21,365,365,365,105,105,105,0,0,0,GOOD,,transformed/good/2026_CAE01106178.stndata
climate_daily_BC_110617P_2026_P1D.csv,110617P,PITT MEADOWS,-122.71,49.22,365,365,365,107,107,365,0,0,0,GOOD,,transformed/good/2026_CAE0110617P.stndata
climate_daily_BC_1106200_2026_P1D.csv,1106200,POINT ATKINSON,-123.26,49.33,365,365,365,108,108,108,0,0,0,GOOD,,transformed/good/2026_CAE01106200.stndata
climate_daily_BC_1106764_2026_P1D.csv,1106764,RICHMOND DALLYN 2,-123.09,49.18,365,365,365,365,365,345,259,20,0,BAD,tmax/tmin/prcp all missing >= 180 days (365/365/345),transformed/bad/2026_CAE01106764.stndata
climate_daily_BC_1106CL2_2026_P1D.csv,1106CL2,PORT MOODY GLENAYRE,-122.88,49.28,365,365,365,365,365,364,229,1,0,BAD,tmax/tmin/prcp all missing >= 180 days (365/365/364),transformed/bad/2026_CAE01106CL2.stndata
climate_daily_BC_1106PF7_2026_P1D.csv,1106PF7,RICHMOND NATURE PARK,-123.09,49.17,365,365,365,365,365,365,247,0,0,BAD,tmax/tmin/prcp all missing >= 180 days (365/365/365),transformed/bad/2026_CAE01106PF7.stndata
climate_daily_BC_1107010_2026_P1D.csv,1107010,SANDHEADS CS,-123.3,49.11,365,365,365,105,105,365,0,0,0,GOOD,,transformed/good/2026_CAE01107010.stndata
climate_daily_BC_1107785_2026_P1D.csv,1107785,SUMAS CANAL,-122.11,49.11,365,365,365,365,365,365,174,0,0,BAD,tmax/tmin/prcp all missing >= 180 days (365/365/365),transformed/bad/2026_CAE01107785.stndata
climate_daily_BC_1108291_2026_P1D.csv,1108291,TSAWWASSEN FERRY AUTO,-123.13,49.0,365,365,365,365,365,365,0,0,0,BAD,tmax/tmin/prcp all missing >= 180 days (365/365/365),transformed/bad/2026_CAE01108291.stndata
climate_daily_BC_1108380_2026_P1D.csv,1108380,VANCOUVER SEA ISLAND CCG,-123.19,49.18,365,365,365,106,106,106,0,0,0,GOOD,,transformed/good/2026_CAE01108380.stndata
climate_daily_BC_1108395_2026_P1D.csv,1108395,VANCOUVER INTL A,-123.18,49.19,365,365,365,124,124,106,0,21,0,GOOD,,transformed/good/2026_CAE01108395.stndata
climate_daily_BC_1108446_2026_P1D.csv,1108446,VANCOUVER HARBOUR CS,-123.12,49.3,365,365,365,105,105,105,0,0,0,GOOD,,transformed/good/2026_CAE01108446.stndata
climate_daily_BC_1108824_2026_P1D.csv,1108824,WEST VANCOUVER AUT,-123.19,49.35,365,365,365,105,105,105,0,0,0,GOOD,,transformed/good/2026_CAE01108824.stndata
climate_daily_BC_1108906_2026_P1D.csv,1108906,WHISTLER ROUNDHOUSE,-122.95,50.07,365,365,365,365,365,354,219,11,0,BAD,tmax/tmin/prcp all missing >= 180 days (365/365/354),transformed/bad/2026_CAE01108906.stndata
climate_daily_BC_1108910_2026_P1D.csv,1108910,WHITE ROCK CAMPBELL SCIENTIFIC,-122.78,49.02,365,365,365,110,110,128,0,0,0,GOOD,,transformed/good/2026_CAE01108910.stndata
climate_daily_BC_110Q44V_2026_P1D.csv,110Q44V,VANCOUVER HARBOUR,-123.11,49.29,365,365,365,105,105,365,0,0,0,GOOD,,transformed/good/2026_CAE0110Q44V.stndata
climate_daily_BC_1113542_2026_P1D.csv,1113542,HOPE A,-121.5,49.37,365,365,365,110,110,110,0,0,0,GOOD,,transformed/good/2026_CAE01113542.stndata
climate_daily_BC_1113543_2026_P1D.csv,1113543,HOPE AIRPORT,-121.49,49.37,365,365,365,110,110,113,0,0,0,GOOD,,transformed/good/2026_CAE01113543.stndata
climate_daily_BC_1113581_2026_P1D.csv,1113581,HOPE SLIDE,-121.23,49.27,365,365,365,365,365,348,260,17,0,BAD,tmax/tmin/prcp all missing >= 180 days (365/365/348),transformed/bad/2026_CAE01113581.stndata
climate_daily_BC_1114619_2026_P1D.csv,1114619,LILLOOET,-121.93,50.68,365,365,365,134,134,183,0,0,0,GOOD,,transformed/good/2026_CAE01114619.stndata
climate_daily_BC_1114738_2026_P1D.csv,1114738,LYTTON A,-121.58,50.22,365,365,365,109,109,109,0,0,0,GOOD,,transformed/good/2026_CAE01114738.stndata
climate_daily_BC_1114746_2026_P1D.csv,1114746,LYTTON RCS,-121.58,50.22,365,365,365,107,107,109,0,0,0,GOOD,,transformed/good/2026_CAE01114746.stndata
climate_daily_BC_1123721_2026_P1D.csv,1123721,JELLICOE,-120.33,49.67,365,365,365,365,365,348,243,17,0,BAD,tmax/tmin/prcp all missing >= 180 days (365/365/348),transformed/bad/2026_CAE01123721.stndata
climate_daily_BC_1123939_2026_P1D.csv,1123939,KELOWNA,-119.38,49.96,365,365,365,106,106,118,0,0,0,GOOD,,transformed/good/2026_CAE01123939.stndata
climate_daily_BC_1123996_2026_P1D.csv,1123996,KELOWNA UBCO,-119.4,49.94,365,365,365,107,107,107,0,0,0,GOOD,,transformed/good/2026_CAE01123996.stndata
climate_daily_BC_1125073_2026_P1D.csv,1125073,MERRITT,-120.78,50.11,365,365,365,106,106,196,0,0,0,GOOD,,transformed/good/2026_CAE01125073.stndata
climate_daily_BC_1125079_2026_P1D.csv,1125079,MERRITT STP,-120.8,50.11,365,365,365,365,365,363,163,2,0,BAD,tmax/tmin/prcp all missing >= 180 days (365/365/363),transformed/bad/2026_CAE01125079.stndata
climate_daily_BC_1125766_2026_P1D.csv,1125766,OLIVER STP,-119.54,49.18,365,365,365,365,365,363,151,2,0,BAD,tmax/tmin/prcp all missing >= 180 days (365/365/363),transformed/bad/2026_CAE01125766.stndata
climate_daily_BC_1125852_2026_P1D.csv,1125852,OSOYOOS CS,-119.44,49.03,365,365,365,106,106,106,0,0,0,GOOD,,transformed/good/2026_CAE01125852.stndata
climate_daily_BC_1126070_2026_P1D.csv,1126070,PEACHLAND,-119.72,49.78,365,365,365,365,365,355,255,10,0,BAD,tmax/tmin/prcp all missing >= 180 days (365/365/355),transformed/bad/2026_CAE01126070.stndata
climate_daily_BC_1126146_2026_P1D.csv,1126146,PENTICTON A,-119.6,49.46,365,365,365,107,107,105,0,32,0,GOOD,,transformed/good/2026_CAE01126146.stndata
climate_daily_BC_1126510_2026_P1D.csv,1126510,PRINCETON A,-120.51,49.47,365,365,365,365,365,336,247,29,0,BAD,tmax/tmin/prcp all missing >= 180 days (365/365/336),transformed/bad/2026_CAE01126510.stndata
climate_daily_BC_1126518_2026_P1D.csv,1126518,PRINCETON A,-120.51,49.47,365,365,365,109,109,365,0,0,0,GOOD,,transformed/good/2026_CAE01126518.stndata
climate_daily_BC_1128582_2026_P1D.csv,1128582,VERNON AUTO,-119.19,50.22,365,365,365,109,109,109,0,0,0,GOOD,,transformed/good/2026_CAE01128582.stndata
climate_daily_BC_1128584_2026_P1D.csv,1128584,VERNON SILVER STAR LODGE,-119.06,50.36,365,365,365,365,365,354,248,11,0,BAD,tmax/tmin/prcp all missing >= 180 days (365/365/354),transformed/bad/2026_CAE01128584.stndata
climate_daily_BC_112FN0M_2026_P1D.csv,112FN0M,PRINCETON CS,-120.51,49.47,365,365,365,106,106,106,0,0,0,GOOD,,transformed/good/2026_CAE0112FN0M.stndata
climate_daily_BC_112G8L1_2026_P1D.csv,112G8L1,SUMMERLAND CS,-119.65,49.56,365,365,365,105,105,105,0,0,0,GOOD,,transformed/good/2026_CAE0112G8L1.stndata
climate_daily_BC_1140876_2026_P1D.csv,1140876,BILLINGS,-118.23,49.02,365,365,365,365,365,339,259,26,0,BAD,tmax/tmin/prcp all missing >= 180 days (365/365/339),transformed/bad/2026_CAE01140876.stndata
climate_daily_BC_1141455_2026_P1D.csv,1141455,CASTLEGAR A,-117.63,49.3,365,365,365,365,365,358,75,7,0,BAD,tmax/tmin/prcp all missing >= 180 days (365/365/358),transformed/bad/2026_CAE01141455.stndata
climate_daily_BC_1141457_2026_P1D.csv,1141457,CASTLEGAR BCHPA DAM,-117.77,49.34,365,365,365,365,365,352,259,13,0,BAD,tmax/tmin/prcp all missing >= 180 days (365/365/352),transformed/bad/2026_CAE01141457.stndata
climate_daily_BC_1141460_2026_P1D.csv,1141460,CASTLEGAR A,-117.63,49.3,365,365,365,105,105,365,0,0,0,GOOD,,transformed/good/2026_CAE01141460.stndata
climate_daily_BC_1142574_2026_P1D.csv,1142574,DUNCAN LAKE DAM,-116.97,50.24,365,365,365,365,365,360,260,5,0,BAD,tmax/tmin/prcp all missing >= 180 days (365/365/360),transformed/bad/2026_CAE01142574.stndata
climate_daily_BC_1144635_2026_P1D.csv,1144635,LISTER,-116.46,49.03,365,365,365,365,365,358,225,7,0,BAD,tmax/tmin/prcp all missing >= 180 days (365/365/358),transformed/bad/2026_CAE01144635.stndata
climate_daily_BC_1145297_2026_P1D.csv,1145297,NAKUSP CS,-117.82,50.27,365,365,365,105,105,105,0,0,0,GOOD,,transformed/good/2026_CAE01145297.stndata
climate_daily_BC_1145460_2026_P1D.csv,1145460,NEW DENVER,-117.37,50.0,365,365,365,365,365,361,242,4,0,BAD,tmax/tmin/prcp all missing >= 180 days (365/365/361),transformed/bad/2026_CAE01145460.stndata
climate_daily_BC_1145M29_2026_P1D.csv,1145M29,NELSON CS,-117.31,49.49,365,365,365,105,105,105,0,0,0,GOOD,,transformed/good/2026_CAE01145M29.stndata
climate_daily_BC_1148705_2026_P1D.csv,1148705,WARFIELD RCS,-117.74,49.11,365,365,365,108,108,108,0,0,0,GOOD,,transformed/good/2026_CAE01148705.stndata
climate_daily_BC_114B1F0_2026_P1D.csv,114B1F0,CRESTON CAMPBELL SCIENTIFIC,-116.5,49.08,365,365,365,107,107,107,0,0,0,GOOD,,transformed/good/2026_CAE0114B1F0.stndata
climate_daily_BC_114EMDM_2026_P1D.csv,114EMDM,NELSON RIXEN CREEK,-117.4,49.51,365,365,365,365,365,345,251,20,0,BAD,tmax/tmin/prcp all missing >= 180 days (365/365/345),transformed/bad/2026_CAE0114EMDM.stndata
climate_daily_BC_1152105_2026_P1D.csv,1152105,CRANBROOK A,-115.78,49.61,365,365,365,116,116,106,0,47,0,GOOD,,transformed/good/2026_CAE01152105.stndata
climate_daily_BC_1152106_2026_P1D.csv,1152106,CRANBROOK AIRPORT AUTO,-115.79,49.62,365,365,365,107,107,107,0,0,0,GOOD,,transformed/good/2026_CAE01152106.stndata
climate_daily_BC_1152850_2026_P1D.csv,1152850,FERNIE,-115.07,49.49,365,365,365,365,365,365,192,0,0,BAD,tmax/tmin/prcp all missing >= 180 days (365/365/365),transformed/bad/2026_CAE01152850.stndata
climate_daily_BC_1153034_2026_P1D.csv,1153034,FT STEELE DANDY CRK,-115.46,49.52,365,365,365,365,365,342,244,23,0,BAD,tmax/tmin/prcp all missing >= 180 days (365/365/342),transformed/bad/2026_CAE01153034.stndata
climate_daily_BC_1154203_2026_P1D.csv,1154203,KIMBERLEY PCC,-115.96,49.63,365,365,365,365,365,365,166,0,0,BAD,tmax/tmin/prcp all missing >= 180 days (365/365/365),transformed/bad/2026_CAE01154203.stndata
climate_daily_BC_1157631_2026_P1D.csv,1157631,SPARWOOD CS,-114.88,49.75,365,365,365,106,106,106,0,0,0,GOOD,,transformed/good/2026_CAE01157631.stndata
climate_daily_BC_1157635_2026_P1D.csv,1157635,SPARWOOD A,-114.88,49.83,365,365,365,108,108,365,0,0,0,GOOD,,transformed/good/2026_CAE01157635.stndata
climate_daily_BC_1160515_2026_P1D.csv,1160515,ASHCROFT,-121.28,50.71,365,365,365,105,105,165,0,0,0,GOOD,,transformed/good/2026_CAE01160515.stndata
climate_daily_BC_1160899_2026_P1D.csv,1160899,BLUE RIVER A,-119.29,52.13,365,365,365,365,365,350,252,15,0,BAD,tmax/tmin/prcp all missing >= 180 days (365/365/350),transformed/bad/2026_CAE01160899.stndata
climate_daily_BC_1160902_2026_P1D.csv,1160902,BLUE RIVER A,-119.29,52.12,365,365,365,115,115,365,0,0,0,GOOD,,transformed/good/2026_CAE01160902.stndata
climate_daily_BC_1160H99_2026_P1D.csv,1160H99,BLUE RIVER CS,-119.29,52.13,365,365,365,110,110,192,0,0,0,GOOD,,transformed/good/2026_CAE01160H99.stndata
climate_daily_BC_1161650_2026_P1D.csv,1161650,CLEARWATER AUTO,-120.08,51.65,365,365,365,107,107,107,0,0,0,GOOD,,transformed/good/2026_CAE01161650.stndata
climate_daily_BC_1161662_2026_P1D.csv,1161662,CLINTON A,-121.68,51.27,365,365,365,134,134,134,0,0,0,GOOD,,transformed/good/2026_CAE01161662.stndata
climate_daily_BC_1161663_2026_P1D.csv,1161663,CLINTON RCS,-121.5,51.14,365,365,365,164,164,224,0,0,0,GOOD,,transformed/good/2026_CAE01161663.stndata
climate_daily_BC_1163781_2026_P1D.csv,1163781,KAMLOOPS A,-120.45,50.7,365,365,365,108,108,105,0,28,0,GOOD,,transformed/good/2026_CAE01163781.stndata
climate_daily_BC_1163842_2026_P1D.csv,1163842,KAMLOOPS AUT,-120.44,50.7,365,365,365,108,108,108,0,0,0,GOOD,,transformed/good/2026_CAE01163842.stndata
climate_daily_BC_1166658_2026_P1D.csv,1166658,RED LAKE,-120.8,50.94,365,365,365,365,365,353,227,12,0,BAD,tmax/tmin/prcp all missing >= 180 days (365/365/353),transformed/bad/2026_CAE01166658.stndata
climate_daily_BC_1168204_2026_P1D.csv,1168204,SUN PEAKS MOUNTAIN,-119.91,50.9,365,365,365,365,365,360,74,5,0,BAD,tmax/tmin/prcp all missing >= 180 days (365/365/360),transformed/bad/2026_CAE01168204.stndata
climate_daily_BC_1168520_2026_P1D.csv,1168520,VAVENBY,-119.78,51.58,365,365,365,365,365,348,253,17,0,BAD,tmax/tmin/prcp all missing >= 180 days (365/365/348),transformed/bad/2026_CAE01168520.stndata
climate_daily_BC_116C8P0_2026_P1D.csv,116C8P0,KAMLOOPS PRATT ROAD,-120.17,50.63,365,365,365,365,365,359,237,6,0,BAD,tmax/tmin/prcp all missing >= 180 days (365/365/359),transformed/bad/2026_CAE0116C8P0.stndata
climate_daily_BC_116FRMN_2026_P1D.csv,116FRMN,SALMON ARM CS,-119.29,50.7,365,365,365,105,105,105,0,0,0,GOOD,,transformed/good/2026_CAE0116FRMN.stndata
climate_daily_BC_116Q20D_2026_P1D.csv,116Q20D,SUN PEAKS LOWER,-119.88,50.89,365,365,365,365,365,360,74,5,0,BAD,tmax/tmin/prcp all missing >= 180 days (365/365/360),transformed/bad/2026_CAE0116Q20D.stndata
climate_daily_BC_116QK0M_2026_P1D.csv,116QK0M,SUN PEAKS UPPER,-119.92,50.9,365,365,365,365,365,358,80,7,0,BAD,tmax/tmin/prcp all missing >= 180 days (365/365/358),transformed/bad/2026_CAE0116QK0M.stndata
climate_daily_BC_1173210_2026_P1D.csv,1173210,GOLDEN A,-116.98,51.3,365,365,365,365,365,337,258,28,0,BAD,tmax/tmin/prcp all missing >= 180 days (365/365/337),transformed/bad/2026_CAE01173210.stndata
climate_daily_BC_1173214_2026_P1D.csv,1173214,GOLDEN A,-116.98,51.3,365,365,365,108,108,365,0,0,0,GOOD,,transformed/good/2026_CAE01173214.stndata
climate_daily_BC_1173220_2026_P1D.csv,1173220,GOLDEN AIRPORT,-116.98,51.3,365,365,365,111,111,116,0,0,0,GOOD,,transformed/good/2026_CAE01173220.stndata
climate_daily_BC_1175122_2026_P1D.csv,1175122,MICA DAM,-118.59,52.05,365,365,365,365,365,358,157,7,0,BAD,tmax/tmin/prcp all missing >= 180 days (365/365/358),transformed/bad/2026_CAE01175122.stndata
climate_daily_BC_1176745_2026_P1D.csv,1176745,REVELSTOKE A,-118.18,50.97,365,365,365,112,112,110,0,0,0,GOOD,,transformed/good/2026_CAE01176745.stndata
climate_daily_BC_1176755_2026_P1D.csv,1176755,REVELSTOKE AIRPORT AUTO,-118.18,50.96,365,365,365,105,105,105,0,0,0,GOOD,,transformed/good/2026_CAE01176755.stndata
climate_daily_BC_11790J1_2026_P1D.csv,11790J1,YOHO PARK,-116.34,51.44,365,365,365,292,293,295,0,0,0,BAD,tmax/tmin/prcp all missing >= 180 days (292/293/295),transformed/bad/2026_CAE011790J1.stndata
climate_daily_BC_1181508_2026_P1D.csv,1181508,CHETWYND A,-121.63,55.69,365,365,365,365,365,347,259,18,0,BAD,tmax/tmin/prcp all missing >= 180 days (365/365/347),transformed/bad/2026_CAE01181508.stndata
climate_daily_BC_1181513_2026_P1D.csv,1181513,CHETWYND A,-121.63,55.69,365,365,365,107,107,365,0,0,0,GOOD,,transformed/good/2026_CAE01181513.stndata
climate_daily_BC_1182289_2026_P1D.csv,1182289,DAWSON CREEK A,-120.18,55.74,365,365,365,111,111,114,0,0,0,GOOD,,transformed/good/2026_CAE01182289.stndata
climate_daily_BC_1183001_2026_P1D.csv,1183001,FORT ST. JOHN A,-120.74,56.24,365,365,365,106,106,105,0,42,0,GOOD,,transformed/good/2026_CAE01183001.stndata
climate_daily_BC_1183002_2026_P1D.csv,1183002,FORT ST JOHN AIRPORT,-120.75,56.25,365,365,365,105,105,105,0,0,0,GOOD,,transformed/good/2026_CAE01183002.stndata
climate_daily_BC_1184791_2026_P1D.csv,1184791,MACKENZIE,-123.13,55.3,365,365,365,109,109,109,0,0,0,GOOD,,transformed/good/2026_CAE01184791.stndata
climate_daily_BC_1184793_2026_P1D.csv,1184793,MACKENZIE AIRPORT AUTO,-123.14,55.31,365,365,365,105,105,105,0,0,0,GOOD,,transformed/good/2026_CAE01184793.stndata
climate_daily_BC_1186173_2026_P1D.csv,1186173,PINK MOUNTAIN 3,-122.72,56.94,365,365,365,365,365,365,0,0,0,BAD,tmax/tmin/prcp all missing >= 180 days (365/365/365),transformed/bad/2026_CAE01186173.stndata
climate_daily_BC_1192341_2026_P1D.csv,1192341,DEASE LAKE A,-130.03,58.42,365,365,365,113,113,113,0,0,0,GOOD,,transformed/good/2026_CAE01192341.stndata
climate_daily_BC_1192946_2026_P1D.csv,1192946,FORT NELSON A,-122.6,58.84,365,365,365,113,113,107,0,52,0,GOOD,,transformed/good/2026_CAE01192946.stndata
climate_daily_BC_1192948_2026_P1D.csv,1192948,FORT NELSON,-122.57,58.84,365,365,365,108,108,108,0,0,0,GOOD,,transformed/good/2026_CAE01192948.stndata
climate_daily_BC_119BLM0_2026_P1D.csv,119BLM0,DEASE LAKE (AUT),-130.03,58.43,365,365,365,109,109,109,0,0,0,GOOD,,transformed/good/2026_CAE0119BLM0.stndata
climate_daily_MB_5010140_2026_P1D.csv,5010140,BALDUR,-99.29,49.28,365,365,365,365,365,363,245,2,0,BAD,tmax/tmin/prcp all missing >= 180 days (365/365/363),transformed/bad/2026_CAE05010140.stndata
climate_daily_MB_5010481_2026_P1D.csv,5010481,BRANDON MUNI A,-99.95,49.91,365,365,365,365,365,365,0,0,0,BAD,tmax/tmin/prcp all missing >= 180 days (365/365/365),transformed/bad/2026_CAE05010481.stndata
climate_daily_MB_5010482_2026_P1D.csv,5010482,BRANDON MUNI A,-99.95,49.91,365,365,365,133,133,131,0,0,0,GOOD,,transformed/good/2026_CAE05010482.stndata
climate_daily_MB_5010490_2026_P1D.csv,5010490,BRANDON RCS,-99.95,49.9,365,365,365,105,105,105,0,0,0,GOOD,,transformed/good/2026_CAE05010490.stndata
climate_daily_MB_5010547_2026_P1D.csv,5010547,CARBERRY CS,-99.36,49.91,365,365,365,106,106,107,0,0,0,GOOD,,transformed/good/2026_CAE05010547.stndata
climate_daily_MB_5010641_2026_P1D.csv,5010641,CYPRESS RIVER RCS,-99.07,49.56,365,365,365,105,105,105,0,0,0,GOOD,,transformed/good/2026_CAE05010641.stndata
climate_daily_MB_5010QFQ_2026_P1D.csv,5010QFQ,ELKHORN 2 EAST,-101.2,49.93,365,365,365,365,365,345,240,20,0,BAD,tmax/tmin/prcp all missing >= 180 days (365/365/345),transformed/bad/2026_CAE05010QFQ.stndata
climate_daily_MB_5012300_2026_P1D.csv,5012300,PORTAGE ROMANCE,-98.3,49.98,365,365,365,365,365,311,257,54,0,BAD,tmax/tmin/prcp all missing >= 180 days (365/365/311),transformed/bad/2026_CAE05012300.stndata
climate_daily_MB_5012321_2026_P1D.csv,5012321,PORTAGE LA PRAIRIE CDA,-98.28,49.96,365,365,365,365,365,352,120,13,0,BAD,tmax/tmin/prcp all missing >= 180 days (365/365/352),transformed/bad/2026_CAE05012321.stndata
climate_daily_MB_5012324_2026_P1D.csv,5012324,PORTAGE SOUTHPORT,-98.28,49.9,365,365,365,105,105,105,0,0,0,GOOD,,transformed/good/2026_CAE05012324.stndata
climate_daily_MB_5012469_2026_P1D.csv,5012469,ROBLIN,-101.36,51.18,365,365,365,106,106,106,0,0,0,GOOD,,transformed/good/2026_CAE05012469.stndata
climate_daily_MB_5012654_2026_P1D.csv,5012654,SHOAL LAKE CS,-100.6,50.45,365,365,365,107,107,107,0,0,0,GOOD,,transformed/good/2026_CAE05012654.stndata
climate_daily_MB_5012961_2026_P1D.csv,5012961,VIRDEN WATER,-100.93,49.84,365,365,365,365,365,349,259,16,0,BAD,tmax/tmin/prcp all missing >= 180 days (365/365/349),transformed/bad/2026_CAE05012961.stndata
climate_daily_MB_5013117_2026_P1D.csv,5013117,WASAGAMING,-99.94,50.66,365,365,365,107,107,107,0,0,0,GOOD,,transformed/good/2026_CAE05013117.stndata
climate_daily_MB_501A7AR_2026_P1D.csv,501A7AR,MELITA,-100.99,49.28,365,365,365,106,106,106,0,0,0,GOOD,,transformed/good/2026_CAE0501A7AR.stndata
climate_daily_MB_501B4G2_2026_P1D.csv,501B4G2,ROBLIN FRIESEN 3 NORTHWEST,-101.4,51.27,365,365,365,365,365,360,259,5,0,BAD,tmax/tmin/prcp all missing >= 180 days (365/365/360),transformed/bad/2026_CAE0501B4G2.stndata
climate_daily_MB_501BMMA_2026_P1D.csv,501BMMA,RIVERS PETTAPIECE,-100.18,50.11,365,365,365,365,365,337,260,28,0,BAD,tmax/tmin/prcp all missing >= 180 days (365/365/337),transformed/bad/2026_CAE0501BMMA.stndata
climate_daily_MB_5020725_2026_P1D.csv,5020725,DEERWOOD RCS,-98.32,49.4,365,365,365,107,107,107,0,0,0,GOOD,,transformed/good/2026_CAE05020725.stndata
climate_daily_MB_5020881_2026_P1D.csv,5020881,EMERSON AUTO,-97.24,49.0,365,365,365,107,107,108,0,0,0,GOOD,,transformed/good/2026_CAE05020881.stndata
climate_daily_MB_5021220_2026_P1D.csv,5021220,GRETNA (AUT),-97.56,49.03,365,365,365,107,107,108,0,0,0,GOOD,,transformed/good/2026_CAE05021220.stndata
climate_daily_MB_5021302_2026_P1D.csv,5021302,HOLLAND,-98.88,49.61,365,365,365,365,365,358,118,7,0,BAD,tmax/tmin/prcp all missing >= 180 days (365/365/358),transformed/bad/2026_CAE05021302.stndata
climate_daily_MB_5021500_2026_P1D.csv,5021500,KLEEFELD (MAFRI),-96.9,49.52,365,365,365,108,108,108,0,0,0,GOOD,,transformed/good/2026_CAE05021500.stndata
climate_daily_MB_5021695_2026_P1D.csv,5021695,MARQUETTE,-97.81,50.01,365,365,365,365,365,348,239,17,0,BAD,tmax/tmin/prcp all missing >= 180 days (365/365/348),transformed/bad/2026_CAE05021695.stndata
climate_daily_MB_5021849_2026_P1D.csv,5021849,MORDEN CDA CS,-98.08,49.19,365,365,365,106,106,106,0,0,0,GOOD,,transformed/good/2026_CAE05021849.stndata
climate_daily_MB_5022125_2026_P1D.csv,5022125,PILOT MOUND (AUT),-98.9,49.19,365,365,365,105,105,105,0,0,0,GOOD,,transformed/good/2026_CAE05022125.stndata
climate_daily_MB_5022575_2026_P1D.csv,5022575,ST LABRE,-96.04,49.35,365,365,365,365,365,339,258,26,0,BAD,tmax/tmin/prcp all missing >= 180 days (365/365/339),transformed/bad/2026_CAE05022575.stndata
climate_daily_MB_50225DS_2026_P1D.csv,50225DS,WINNIPEG ST ANDREWS,-97.03,50.06,365,365,365,110,110,365,0,0,0,GOOD,,transformed/good/2026_CAE050225DS.stndata
climate_daily_MB_5022623_2026_P1D.csv,5022623,SCHANZENFELD,-97.95,49.13,365,365,365,365,365,337,247,28,0,BAD,tmax/tmin/prcp all missing >= 180 days (365/365/337),transformed/bad/2026_CAE05022623.stndata
climate_daily_MB_5022710_2026_P1D.csv,5022710,SNOW LAKE,-100.01,54.88,365,365,365,106,106,106,0,0,0,GOOD,,transformed/good/2026_CAE05022710.stndata
climate_daily_MB_5022759_2026_P1D.csv,5022759,SPRAGUE,-95.6,49.02,365,365,365,108,108,108,0,0,0,GOOD,,transformed/good/2026_CAE05022759.stndata
climate_daily_MB_5022791_2026_P1D.csv,5022791,STONY MOUNTAIN,-97.17,50.12,365,365,365,365,365,359,183,6,0,BAD,tmax/tmin/prcp all missing >= 180 days (365/365/359),transformed/bad/2026_CAE05022791.stndata
climate_daily_MB_5023227_2026_P1D.csv,5023227,WINNIPEG INTL A,-97.24,49.91,365,365,365,113,113,365,0,0,0,GOOD,,transformed/good/2026_CAE05023227.stndata
climate_daily_MB_5023262_2026_P1D.csv,5023262,WINNIPEG THE FORKS,-97.13,49.89,365,365,365,107,107,106,0,0,0,GOOD,,transformed/good/2026_CAE05023262.stndata
climate_daily_MB_502I001_2026_P1D.csv,502I001,CARMAN U OF M CS,-98.03,49.5,365,365,365,107,107,107,0,0,0,GOOD,,transformed/good/2026_CAE0502I001.stndata
climate_daily_MB_502S001_2026_P1D.csv,502S001,WINNIPEG A CS,-97.25,49.92,365,365,365,110,110,110,0,0,0,GOOD,,transformed/good/2026_CAE0502S001.stndata
climate_daily_MB_5030203_2026_P1D.csv,5030203,BERENS RIVER CS,-97.02,52.36,365,365,365,108,108,108,0,0,0,GOOD,,transformed/good/2026_CAE05030203.stndata
climate_daily_MB_5030204_2026_P1D.csv,5030204,BERENS RIVER A,-97.02,52.36,365,365,365,127,127,365,0,0,0,GOOD,,transformed/good/2026_CAE05030204.stndata
climate_daily_MB_5030984_2026_P1D.csv,5030984,GEORGE ISLAND (AUT),-97.62,52.82,365,365,365,116,116,121,0,0,0,GOOD,,transformed/good/2026_CAE05030984.stndata
climate_daily_MB_50309J6_2026_P1D.csv,50309J6,FISHER BRANCH (AUT),-97.55,51.08,365,365,365,106,106,106,0,0,0,GOOD,,transformed/good/2026_CAE050309J6.stndata
climate_daily_MB_5031041_2026_P1D.csv,5031041,GIMLI HARBOUR CS,-96.98,50.63,365,365,365,105,105,365,0,0,0,GOOD,,transformed/good/2026_CAE05031041.stndata
climate_daily_MB_5031042_2026_P1D.csv,5031042,GIMLI CLIMATE,-97.05,50.63,365,365,365,106,106,107,0,0,0,GOOD,,transformed/good/2026_CAE05031042.stndata
climate_daily_MB_5031201_2026_P1D.csv,5031201,GREAT FALLS CLIMATE,-95.98,50.52,365,365,365,110,110,110,0,0,0,GOOD,,transformed/good/2026_CAE05031201.stndata
climate_daily_MB_5031320_2026_P1D.csv,5031320,INDIAN BAY,-95.2,49.62,365,365,365,365,365,334,259,31,0,BAD,tmax/tmin/prcp all missing >= 180 days (365/365/334),transformed/bad/2026_CAE05031320.stndata
climate_daily_MB_5031A10_2026_P1D.csv,5031A10,GRAND RAPIDS (AUT),-99.27,53.19,365,365,365,106,106,106,0,0,0,GOOD,,transformed/good/2026_CAE05031A10.stndata
climate_daily_MB_5032161_2026_P1D.csv,5032161,PINAWA CANWARN,-95.89,50.15,365,365,365,365,365,353,255,12,0,BAD,tmax/tmin/prcp all missing >= 180 days (365/365/353),transformed/bad/2026_CAE05032161.stndata
climate_daily_MB_5032360_2026_P1D.csv,5032360,RENNIE,-95.53,49.85,365,365,365,365,365,351,163,14,0,BAD,tmax/tmin/prcp all missing >= 180 days (365/365/351),transformed/bad/2026_CAE05032360.stndata
climate_daily_MB_5032951_2026_P1D.csv,5032951,VICTORIA BEACH (AUT),-96.57,50.7,365,365,365,105,105,365,0,0,0,GOOD,,transformed/good/2026_CAE05032951.stndata
climate_daily_MB_503B1ER_2026_P1D.csv,503B1ER,PINAWA,-96.06,50.18,365,365,365,105,105,105,0,0,0,GOOD,,transformed/good/2026_CAE0503B1ER.stndata
climate_daily_MB_5040166_2026_P1D.csv,5040166,BEAVER,-98.7,50.05,365,365,365,365,365,365,31,0,0,BAD,tmax/tmin/prcp all missing >= 180 days (365/365/365),transformed/bad/2026_CAE05040166.stndata
climate_daily_MB_5040681_2026_P1D.csv,5040681,DAUPHIN CS,-100.06,51.1,365,365,365,106,106,106,0,0,0,GOOD,,transformed/good/2026_CAE05040681.stndata
climate_daily_MB_5040689_2026_P1D.csv,5040689,DAUPHIN,-100.05,51.1,365,365,365,111,111,218,0,0,0,GOOD,,transformed/good/2026_CAE05040689.stndata
climate_daily_MB_5041685_2026_P1D.csv,5041685,MAFEKING,-101.1,52.67,365,365,365,365,365,332,236,33,0,BAD,tmax/tmin/prcp all missing >= 180 days (365/365/332),transformed/bad/2026_CAE05041685.stndata
climate_daily_MB_5043158_2026_P1D.csv,5043158,MCCREARY,-99.53,50.71,365,365,365,107,107,107,0,0,0,GOOD,,transformed/good/2026_CAE05043158.stndata
climate_daily_MB_504K0NM_2026_P1D.csv,504K0NM,OAKPOINT MARINE,-98.04,50.5,365,365,365,105,105,105,0,0,0,GOOD,,transformed/good/2026_CAE0504K0NM.stndata
climate_daily_MB_504K80K_2026_P1D.csv,504K80K,SWAN RIVER RCS,-101.23,52.11,365,365,365,106,106,106,0,0,0,GOOD,,transformed/good/2026_CAE0504K80K.stndata
climate_daily_MB_5050919_2026_P1D.csv,5050919,FLIN FLON,-101.68,54.68,365,365,365,109,109,109,0,0,0,GOOD,,transformed/good/2026_CAE05050919.stndata
climate_daily_MB_5050920_2026_P1D.csv,5050920,FLIN FLON,-101.88,54.77,365,365,365,365,365,364,99,1,0,BAD,tmax/tmin/prcp all missing >= 180 days (365/365/364),transformed/bad/2026_CAE05050920.stndata
climate_daily_MB_5050973_2026_P1D.csv,5050973,FLIN FLON A,-101.68,54.68,365,365,365,125,125,365,0,0,0,GOOD,,transformed/good/2026_CAE05050973.stndata
climate_daily_MB_5052882_2026_P1D.csv,5052882,THE PAS A,-101.09,53.97,365,365,365,108,108,108,0,0,0,GOOD,,transformed/good/2026_CAE05052882.stndata
climate_daily_MB_5052890_2026_P1D.csv,5052890,THE PAS CLIMATE,-101.1,53.97,365,365,365,106,106,106,0,0,0,GOOD,,transformed/good/2026_CAE05052890.stndata
climate_daily_MB_5060595_2026_P1D.csv,5060595,CHURCHILL A,-94.07,58.74,365,365,365,115,115,154,0,0,0,GOOD,,transformed/good/2026_CAE05060595.stndata
climate_daily_MB_5060605_2026_P1D.csv,5060605,CHURCHILL A,-94.07,58.74,365,365,365,108,108,365,0,0,0,GOOD,,transformed/good/2026_CAE05060605.stndata
climate_daily_MB_5060608_2026_P1D.csv,5060608,CHURCHILL CLIMATE,-94.07,58.73,365,365,365,107,107,107,0,0,0,GOOD,,transformed/good/2026_CAE05060608.stndata
climate_daily_MB_5060624_2026_P1D.csv,5060624,JENPEG,-98.04,54.52,365,365,365,106,106,107,0,0,0,GOOD,,transformed/good/2026_CAE05060624.stndata
climate_daily_MB_5060999_2026_P1D.csv,5060999,GILLAM,-94.7,56.36,365,365,365,107,107,107,0,0,0,GOOD,,transformed/good/2026_CAE05060999.stndata
climate_daily_MB_5061022_2026_P1D.csv,5061022,GILLAM A,-94.71,56.36,365,365,365,198,198,196,0,62,0,BAD,tmax/tmin/prcp all missing >= 180 days (198/198/196),transformed/bad/2026_CAE05061022.stndata
climate_daily_MB_5061374_2026_P1D.csv,5061374,ISLAND LAKE A,-94.65,53.86,365,365,365,131,131,131,0,0,0,GOOD,,transformed/good/2026_CAE05061374.stndata
climate_daily_MB_5061378_2026_P1D.csv,5061378,ISLAND LAKE AIRPORT,-94.65,53.86,365,365,365,108,108,107,0,0,0,GOOD,,transformed/good/2026_CAE05061378.stndata
climate_daily_MB_5061422_2026_P1D.csv,5061422,KELSEY DAM CS,-96.51,56.04,365,365,365,105,105,106,0,0,0,GOOD,,transformed/good/2026_CAE05061422.stndata
climate_daily_MB_5061645_2026_P1D.csv,5061645,LYNN LAKE,-101.08,56.86,365,365,365,118,118,118,0,0,0,GOOD,,transformed/good/2026_CAE05061645.stndata
climate_daily_MB_5061649_2026_P1D.csv,5061649,LYNN LAKE RCS,-101.07,56.85,365,365,365,113,113,114,0,0,0,GOOD,,transformed/good/2026_CAE05061649.stndata
climate_daily_MB_5062040_2026_P1D.csv,5062040,NORWAY HOUSE,-97.84,53.96,365,365,365,107,107,107,0,0,0,GOOD,,transformed/good/2026_CAE05062040.stndata
climate_daily_MB_5062835_2026_P1D.csv,5062835,TADOULE LAKE,-98.51,58.71,365,365,365,120,120,133,0,0,0,GOOD,,transformed/good/2026_CAE05062835.stndata
climate_daily_MB_5062840_2026_P1D.csv,5062840,TADOULE LAKE CS,-98.5,58.72,365,365,365,118,118,118,0,0,0,GOOD,,transformed/good/2026_CAE05062840.stndata
climate_daily_MB_5062918_2026_P1D.csv,5062918,THOMPSON AIRPORT,-97.88,55.8,365,365,365,108,108,108,0,0,0,GOOD,,transformed/good/2026_CAE05062918.stndata
climate_daily_MB_5062921_2026_P1D.csv,5062921,THOMPSON A,-97.86,55.8,365,365,365,109,109,105,0,38,0,GOOD,,transformed/good/2026_CAE05062921.stndata
climate_daily_NB_8100467_2026_P1D.csv,8100467,BAS CARAQUET,-64.83,47.8,365,365,365,110,110,120,0,0,0,GOOD,,transformed/good/2026_CAE08100467.stndata
climate_daily_NB_8100468_2026_P1D.csv,8100468,BAS CARAQUET,-64.87,47.8,365,365,365,365,365,345,259,20,0,BAD,tmax/tmin/prcp all missing >= 180 days (365/365/345),transformed/bad/2026_CAE08100468.stndata
climate_daily_NB_8100506_2026_P1D.csv,8100506,BATHURST A,-65.74,47.63,365,365,365,108,108,108,0,0,0,GOOD,,transformed/good/2026_CAE08100506.stndata
climate_daily_NB_8100885_2026_P1D.csv,8100885,CHARLO AUTO,-66.33,47.99,365,365,365,107,107,107,0,0,0,GOOD,,transformed/good/2026_CAE08100885.stndata
climate_daily_NB_8100989_2026_P1D.csv,8100989,MIRAMICHI RCS,-65.47,47.01,365,365,365,105,105,105,0,0,0,GOOD,,transformed/good/2026_CAE08100989.stndata
climate_daily_NB_8101201_2026_P1D.csv,8101201,DOAKTOWN AUTO RCS,-66.01,46.59,365,365,365,106,106,106,0,0,0,GOOD,,transformed/good/2026_CAE08101201.stndata
climate_daily_NB_8101303_2026_P1D.csv,8101303,EDMUNDSTON,-68.32,47.42,365,365,365,105,105,105,0,0,0,GOOD,,transformed/good/2026_CAE08101303.stndata
climate_daily_NB_8101505_2026_P1D.csv,8101505,FREDERICTON INTL A,-66.54,45.87,365,365,365,108,108,108,0,0,0,GOOD,,transformed/good/2026_CAE08101505.stndata
climate_daily_NB_8101605_2026_P1D.csv,8101605,FREDERICTON CDA CS,-66.61,45.92,365,365,365,106,106,107,0,0,0,GOOD,,transformed/good/2026_CAE08101605.stndata
climate_daily_NB_8101746_2026_P1D.csv,8101746,FUNDY PARK (ALMA) CS,-64.95,45.6,365,365,365,106,106,108,0,0,0,GOOD,,transformed/good/2026_CAE08101746.stndata
climate_daily_NB_8101792_2026_P1D.csv,8101792,GAGETOWN A,-66.43,45.83,365,365,365,365,365,365,0,0,0,BAD,tmax/tmin/prcp all missing >= 180 days (365/365/365),transformed/bad/2026_CAE08101792.stndata
climate_daily_NB_8101925_2026_P1D.csv,8101925,GRAND MANAN SAR CS,-66.8,44.71,365,365,365,108,108,111,0,0,0,GOOD,,transformed/good/2026_CAE08101925.stndata
climate_daily_NB_8102326_2026_P1D.csv,8102326,KOUCHIBOUGUAC,-65.01,46.79,365,365,365,116,116,116,0,0,0,GOOD,,transformed/good/2026_CAE08102326.stndata
climate_daily_NB_8102536_2026_P1D.csv,8102536,MACTAQUAC PROV PARK,-66.9,45.95,365,365,365,365,365,365,143,0,0,BAD,tmax/tmin/prcp all missing >= 180 days (365/365/365),transformed/bad/2026_CAE08102536.stndata
climate_daily_NB_8102848_2026_P1D.csv,8102848,MECHANIC SETTLEMENT,-65.17,45.69,365,365,365,128,128,130,0,0,0,GOOD,,transformed/good/2026_CAE08102848.stndata
climate_daily_NB_8103050_2026_P1D.csv,8103050,MISCOU ISLAND (AUT),-64.49,48.01,365,365,365,181,181,114,0,0,0,GOOD,,transformed/good/2026_CAE08103050.stndata
climate_daily_NB_8103201_2026_P1D.csv,8103201,MONCTON/GREATER MONCTON ROMEO LEBLANC INTL A,-64.68,46.11,365,365,365,106,106,106,0,40,0,GOOD,,transformed/good/2026_CAE08103201.stndata
climate_daily_NB_8103202_2026_P1D.csv,8103202,MONCTON / GREATER MONCTON ROMEO LEBLANC INTL A,-64.68,46.11,365,365,365,107,107,365,0,0,0,GOOD,,transformed/good/2026_CAE08103202.stndata
climate_daily_NB_8103780_2026_P1D.csv,8103780,OAK POINT,-66.1,45.51,365,365,365,365,365,350,252,15,0,BAD,tmax/tmin/prcp all missing >= 180 days (365/365/350),transformed/bad/2026_CAE08103780.stndata
climate_daily_NB_8104201_2026_P1D.csv,8104201,POINT LEPREAU CS,-66.46,45.06,365,365,365,105,105,105,0,0,0,GOOD,,transformed/good/2026_CAE08104201.stndata
climate_daily_NB_8104295_2026_P1D.csv,8104295,RED PINES,-65.6,47.44,365,365,365,107,107,108,0,0,0,GOOD,,transformed/good/2026_CAE08104295.stndata
climate_daily_NB_8104901_2026_P1D.csv,8104901,SAINT JOHN A,-65.89,45.32,365,365,365,109,109,105,0,32,0,GOOD,,transformed/good/2026_CAE08104901.stndata
climate_daily_NB_8104905_2026_P1D.csv,8104905,GARNETT SETTLEMENT,-65.81,45.29,365,365,365,105,105,105,0,0,0,GOOD,,transformed/good/2026_CAE08104905.stndata
climate_daily_NB_8104935_2026_P1D.csv,8104935,ST. STEPHEN,-67.25,45.21,365,365,365,108,108,110,0,0,0,GOOD,,transformed/good/2026_CAE08104935.stndata
climate_daily_NB_8105210_2026_P1D.csv,8105210,SUSSEX FOUR CORNERS,-65.53,45.74,365,365,365,106,106,109,0,0,0,GOOD,,transformed/good/2026_CAE08105210.stndata
climate_daily_NB_8105603_2026_P1D.csv,8105603,WOODSTOCK NEWBRIDGE,-67.54,46.15,365,365,365,107,107,107,0,0,0,GOOD,,transformed/good/2026_CAE08105603.stndata
climate_daily_NL_8400104_2026_P1D.csv,8400104,ARGENTIA (AUT),-54.0,47.31,365,365,365,107,107,107,0,0,0,GOOD,,transformed/good/2026_CAE08400104.stndata
climate_daily_NL_8400301_2026_P1D.csv,8400301,BADGER (AUT),-56.07,48.97,365,365,365,107,107,107,0,0,0,GOOD,,transformed/good/2026_CAE08400301.stndata
climate_daily_NL_8400416_2026_P1D.csv,8400416,ST ALBAN'S,-55.86,47.86,365,365,365,107,107,174,0,0,0,GOOD,,transformed/good/2026_CAE08400416.stndata
climate_daily_NL_8400506_2026_P1D.csv,8400506,BERRY HILL,-57.92,49.62,365,365,365,125,125,125,0,0,0,GOOD,,transformed/good/2026_CAE08400506.stndata
climate_daily_NL_8400601_2026_P1D.csv,8400601,BONAVISTA,-53.11,48.67,365,365,365,109,109,132,0,0,0,GOOD,,transformed/good/2026_CAE08400601.stndata
climate_daily_NL_8400801_2026_P1D.csv,8400801,BURGEO NL,-57.62,47.62,365,365,365,107,107,140,0,0,0,GOOD,,transformed/good/2026_CAE08400801.stndata
climate_daily_NL_8400812_2026_P1D.csv,8400812,BURNT POND,-57.33,48.17,365,365,365,365,365,365,255,0,0,BAD,tmax/tmin/prcp all missing >= 180 days (365/365/365),transformed/bad/2026_CAE08400812.stndata
climate_daily_NL_8401000_2026_P1D.csv,8401000,CAPE RACE (AUT),-53.08,46.66,365,365,365,108,108,142,0,0,0,GOOD,,transformed/good/2026_CAE08401000.stndata
climate_daily_NL_8401295_2026_P1D.csv,8401295,CORMACK RCS,-57.39,49.32,365,365,365,106,106,107,0,0,0,GOOD,,transformed/good/2026_CAE08401295.stndata
climate_daily_NL_8401298_2026_P1D.csv,8401298,CORNER BROOK,-57.92,48.93,365,365,365,135,135,365,0,0,0,GOOD,,transformed/good/2026_CAE08401298.stndata
climate_daily_NL_8401300_2026_P1D.csv,8401300,CORNER BROOK,-57.95,48.95,365,365,365,365,365,365,259,0,0,BAD,tmax/tmin/prcp all missing >= 180 days (365/365/365),transformed/bad/2026_CAE08401300.stndata
climate_daily_NL_8401405_2026_P1D.csv,8401405,DANIEL'S HARBOUR,-57.58,50.24,365,365,365,105,105,105,0,0,0,GOOD,,transformed/good/2026_CAE08401405.stndata
climate_daily_NL_8401502_2026_P1D.csv,8401502,DEER LAKE A,-57.39,49.21,365,365,365,120,119,109,0,45,0,GOOD,,transformed/good/2026_CAE08401502.stndata
climate_daily_NL_8401538_2026_P1D.csv,8401538,ENGLEE (AUT),-56.11,50.72,365,365,365,138,138,173,0,0,0,GOOD,,transformed/good/2026_CAE08401538.stndata
climate_daily_NL_8401565_2026_P1D.csv,8401565,FEROLLE POINT (AUT),-57.1,51.02,365,365,365,107,107,139,0,0,0,GOOD,,transformed/good/2026_CAE08401565.stndata
climate_daily_NL_8401703_2026_P1D.csv,8401703,GANDER INTL A,-54.57,48.94,365,365,365,112,112,107,0,49,0,GOOD,,transformed/good/2026_CAE08401703.stndata
climate_daily_NL_8401705_2026_P1D.csv,8401705,GANDER AIRPORT CS,-54.57,48.95,365,365,365,108,108,111,0,0,0,GOOD,,transformed/good/2026_CAE08401705.stndata
climate_daily_NL_8402520_2026_P1D.csv,8402520,LA SCIE,-55.67,49.92,365,365,365,107,107,131,0,0,0,GOOD,,transformed/good/2026_CAE08402520.stndata
climate_daily_NL_8402544_2026_P1D.csv,8402544,LETHBRIDGE,-53.9,48.35,365,365,365,365,365,347,249,18,0,BAD,tmax/tmin/prcp all missing >= 180 days (365/365/347),transformed/bad/2026_CAE08402544.stndata
climate_daily_NL_8402757_2026_P1D.csv,8402757,MILLERTOWN RCS,-56.54,48.82,365,365,365,110,110,110,0,0,0,GOOD,,transformed/good/2026_CAE08402757.stndata
climate_daily_NL_8402980_2026_P1D.csv,8402980,PORT AUX BASQUES,-59.15,47.57,365,365,365,106,106,111,0,0,0,GOOD,,transformed/good/2026_CAE08402980.stndata
climate_daily_NL_8403255_2026_P1D.csv,8403255,SAGONA ISLAND,-55.79,47.37,365,365,365,107,107,365,0,0,0,GOOD,,transformed/good/2026_CAE08403255.stndata
climate_daily_NL_8403389_2026_P1D.csv,8403389,ST. ANTHONY A,-56.07,51.39,365,365,365,122,122,123,0,0,0,GOOD,,transformed/good/2026_CAE08403389.stndata
climate_daily_NL_8403399_2026_P1D.csv,8403399,ST ANTHONY,-56.1,51.38,365,365,365,136,136,136,0,0,0,GOOD,,transformed/good/2026_CAE08403399.stndata
climate_daily_NL_8403505_2026_P1D.csv,8403505,ST. JOHN'S INTL A,-52.75,47.62,365,365,365,106,106,105,0,43,0,GOOD,,transformed/good/2026_CAE08403505.stndata
climate_daily_NL_8403603_2026_P1D.csv,8403603,ST JOHNS WEST CLIMATE,-52.78,47.51,365,365,365,109,109,109,0,0,0,GOOD,,transformed/good/2026_CAE08403603.stndata
climate_daily_NL_8403619_2026_P1D.csv,8403619,ST LAWRENCE,-55.38,46.92,365,365,365,107,107,133,0,0,0,GOOD,,transformed/good/2026_CAE08403619.stndata
climate_daily_NL_8403820_2026_P1D.csv,8403820,STEPHENVILLE RCS,-58.57,48.56,365,365,365,106,106,106,0,0,0,GOOD,,transformed/good/2026_CAE08403820.stndata
climate_daily_NL_8403851_2026_P1D.csv,8403851,TERRA NOVA NAT PARK CS,-53.97,48.56,365,365,365,106,106,145,0,0,0,GOOD,,transformed/good/2026_CAE08403851.stndata
climate_daily_NL_8404025_2026_P1D.csv,8404025,TWILLINGATE (AUT),-54.8,49.68,365,365,365,114,114,165,0,0,0,GOOD,,transformed/good/2026_CAE08404025.stndata
climate_daily_NL_8404242_2026_P1D.csv,8404242,WINTERLAND BRANCH HILL,-55.33,47.14,365,365,365,108,108,122,0,0,0,GOOD,,transformed/good/2026_CAE08404242.stndata
climate_daily_NL_8404343_2026_P1D.csv,8404343,WRECKHOUSE,-59.31,47.71,365,365,365,106,106,115,0,0,0,GOOD,,transformed/good/2026_CAE08404343.stndata
climate_daily_NL_840B053_2026_P1D.csv,840B053,GRATES COVE,-52.94,48.17,365,365,365,118,118,365,0,0,0,GOOD,,transformed/good/2026_CAE0840B053.stndata
climate_daily_NL_840BR7C_2026_P1D.csv,840BR7C,POOLS ISLAND,-53.58,49.11,365,365,365,105,105,365,0,0,0,GOOD,,transformed/good/2026_CAE0840BR7C.stndata
climate_daily_NL_840KN90_2026_P1D.csv,840KN90,MARTICOT ISLAND,-54.59,47.33,365,365,365,106,106,365,0,0,0,GOOD,,transformed/good/2026_CAE0840KN90.stndata
climate_daily_NL_8501106_2026_P1D.csv,8501106,CARTWRIGHT A,-57.04,53.68,365,365,365,113,113,112,0,0,0,GOOD,,transformed/good/2026_CAE08501106.stndata
climate_daily_NL_8501131_2026_P1D.csv,8501131,CHURCHILL FALLS A,-64.11,53.56,365,365,365,124,124,121,0,0,0,GOOD,,transformed/good/2026_CAE08501131.stndata
climate_daily_NL_8501136_2026_P1D.csv,8501136,CHURCHILL FALLS,-64.09,53.56,365,365,365,121,121,287,0,0,0,GOOD,,transformed/good/2026_CAE08501136.stndata
climate_daily_NL_8501900_2026_P1D.csv,8501900,GOOSE BAY A,-60.42,53.32,365,365,365,105,105,105,0,51,0,GOOD,,transformed/good/2026_CAE08501900.stndata
climate_daily_NL_8501915_2026_P1D.csv,8501915,HAPPY VALLEY GOOSE BAY,-60.56,53.41,365,365,365,107,107,107,0,0,0,GOOD,,transformed/good/2026_CAE08501915.stndata
climate_daily_NL_8502400_2026_P1D.csv,8502400,HOPEDALE (AUT),-60.22,55.45,365,365,365,118,116,116,0,0,0,GOOD,,transformed/good/2026_CAE08502400.stndata
climate_daily_NL_8502580_2026_P1D.csv,8502580,MAKKOVIK A,-59.19,55.08,365,365,365,120,120,365,0,0,0,GOOD,,transformed/good/2026_CAE08502580.stndata
climate_daily_NL_8502592_2026_P1D.csv,8502592,MARY'S HARBOUR A,-55.85,52.3,365,365,365,122,122,108,0,0,0,GOOD,,transformed/good/2026_CAE08502592.stndata
climate_daily_NL_8502799_2026_P1D.csv,8502799,NAIN,-61.68,56.55,365,365,365,119,119,152,0,0,0,GOOD,,transformed/good/2026_CAE08502799.stndata
climate_daily_NL_8502810_2026_P1D.csv,8502810,NAIN A,-61.68,56.55,365,365,365,118,118,365,0,0,0,GOOD,,transformed/good/2026_CAE08502810.stndata
climate_daily_NL_8503249_2026_P1D.csv,8503249,SAGLEK,-62.59,58.48,365,365,365,170,170,365,0,0,0,GOOD,,transformed/good/2026_CAE08503249.stndata
climate_daily_NL_8504177_2026_P1D.csv,8504177,WABUSH A,-66.86,52.92,365,365,365,106,106,106,0,0,0,GOOD,,transformed/good/2026_CAE08504177.stndata
climate_daily_NS_8200255_2026_P1D.csv,8200255,BACCARO PT,-65.47,43.45,365,365,365,106,106,108,0,0,0,GOOD,,transformed/good/2026_CAE08200255.stndata
climate_daily_NS_8200558_2026_P1D.csv,8200558,BEAVER ISLAND (AUT),-62.33,44.82,365,365,365,140,140,365,0,0,0,GOOD,,transformed/good/2026_CAE08200558.stndata
climate_daily_NS_8200573_2026_P1D.csv,8200573,BEDFORD BASIN,-63.63,44.71,365,365,365,116,116,365,0,0,0,GOOD,,transformed/good/2026_CAE08200573.stndata
climate_daily_NS_8200574_2026_P1D.csv,8200574,BEDFORD RANGE,-63.66,44.75,365,365,365,109,109,208,0,0,0,GOOD,,transformed/good/2026_CAE08200574.stndata
climate_daily_NS_8200604_2026_P1D.csv,8200604,BRIER ISLAND,-66.35,44.29,365,365,365,111,111,111,0,0,0,GOOD,,transformed/good/2026_CAE08200604.stndata
climate_daily_NS_8200774_2026_P1D.csv,8200774,CARIBOU POINT (AUT),-62.68,45.77,365,365,365,108,108,108,0,0,0,GOOD,,transformed/good/2026_CAE08200774.stndata
climate_daily_NS_8200828_2026_P1D.csv,8200828,CHETICAMP HIGHLANDS NATIONAL PARK,-60.95,46.65,365,365,365,107,107,107,0,0,0,GOOD,,transformed/good/2026_CAE08200828.stndata
climate_daily_NS_8201001_2026_P1D.csv,8201001,COLLEGEVILLE AUTO,-62.01,45.49,365,365,365,108,108,109,0,0,0,GOOD,,transformed/good/2026_CAE08201001.stndata
climate_daily_NS_8201390_2026_P1D.csv,8201390,DEBERT,-63.47,45.42,365,365,365,105,105,105,0,0,0,GOOD,,transformed/good/2026_CAE08201390.stndata
climate_daily_NS_8201780_2026_P1D.csv,8201780,ESKASONI FIRST NATION AUTOMATIC WEATHER STATION,-60.65,45.92,365,365,365,108,108,109,0,0,0,GOOD,,transformed/good/2026_CAE08201780.stndata
climate_daily_NS_8201969_2026_P1D.csv,8201969,GRAND ETANG,-61.04,46.55,365,365,365,105,105,365,0,0,0,GOOD,,transformed/good/2026_CAE08201969.stndata
climate_daily_NS_8202000_2026_P1D.csv,8202000,GREENWOOD A,-64.92,44.98,365,365,365,105,105,105,0,40,0,GOOD,,transformed/good/2026_CAE08202000.stndata
climate_daily_NS_8202240_2026_P1D.csv,8202240,HALIFAX DOCKYARD,-63.58,44.66,365,365,365,110,110,365,0,0,0,GOOD,,transformed/good/2026_CAE08202240.stndata
climate_daily_NS_8202249_2026_P1D.csv,8202249,HALIFAX STANFIELD INT'L A,-63.51,44.88,365,365,365,106,106,365,0,0,0,GOOD,,transformed/good/2026_CAE08202249.stndata
climate_daily_NS_8202251_2026_P1D.csv,8202251,HALIFAX STANFIELD INT'L A,-63.51,44.88,365,365,365,106,106,105,0,44,0,GOOD,,transformed/good/2026_CAE08202251.stndata
climate_daily_NS_8202252_2026_P1D.csv,8202252,HALIFAX KOOTENAY,-63.55,44.59,365,365,365,110,110,200,0,0,0,GOOD,,transformed/good/2026_CAE08202252.stndata
climate_daily_NS_8202255_2026_P1D.csv,8202255,HALIFAX WINDSOR PARK,-63.61,44.66,365,365,365,107,107,198,0,0,0,GOOD,,transformed/good/2026_CAE08202255.stndata
climate_daily_NS_8202318_2026_P1D.csv,8202318,HART ISLAND (AUT),-60.98,45.35,365,365,365,105,105,365,0,0,0,GOOD,,transformed/good/2026_CAE08202318.stndata
climate_daily_NS_8202502_2026_P1D.csv,8202502,INGONISH BEACH RCS,-60.41,46.66,365,365,365,105,105,105,0,0,0,GOOD,,transformed/good/2026_CAE08202502.stndata
climate_daily_NS_8202592_2026_P1D.csv,8202592,KEJIMKUJIK 1,-65.2,44.4,365,365,365,108,108,109,0,0,0,GOOD,,transformed/good/2026_CAE08202592.stndata
climate_daily_NS_8202810_2026_P1D.csv,8202810,KENTVILLE CDA CS,-64.48,45.07,365,365,365,106,106,107,0,0,0,GOOD,,transformed/good/2026_CAE08202810.stndata
climate_daily_NS_8202896_2026_P1D.csv,8202896,LAKE MAJOR,-63.48,44.72,365,365,365,365,365,354,173,11,0,BAD,tmax/tmin/prcp all missing >= 180 days (365/365/354),transformed/bad/2026_CAE08202896.stndata
climate_daily_NS_8203163_2026_P1D.csv,8203163,LOUISBOURG,-60.0,45.9,365,365,365,108,108,108,0,0,0,GOOD,,transformed/good/2026_CAE08203163.stndata
climate_daily_NS_8203210_2026_P1D.csv,8203210,LUNENBURG,-64.3,44.36,365,365,365,106,106,365,0,0,0,GOOD,,transformed/good/2026_CAE08203210.stndata
climate_daily_NS_8203405_2026_P1D.csv,8203405,MALAY FALLS,-62.48,44.98,365,365,365,106,106,107,0,0,0,GOOD,,transformed/good/2026_CAE08203405.stndata
climate_daily_NS_8203478_2026_P1D.csv,8203478,MCNABS ISLAND (AUT),-63.53,44.6,365,365,365,105,105,365,0,0,0,GOOD,,transformed/good/2026_CAE08203478.stndata
climate_daily_NS_8203702_2026_P1D.csv,8203702,NAPPAN AUTO,-64.24,45.76,365,365,365,107,107,107,0,0,0,GOOD,,transformed/good/2026_CAE08203702.stndata
climate_daily_NS_8204020_2026_P1D.csv,8204020,AALDERSVILLE,-64.51,44.83,365,365,365,108,108,108,0,0,0,GOOD,,transformed/good/2026_CAE08204020.stndata
climate_daily_NS_8204154_2026_P1D.csv,8204154,NORTHEAST MARGAREE (AUT),-60.98,46.37,365,365,365,126,126,126,0,0,0,GOOD,,transformed/good/2026_CAE08204154.stndata
climate_daily_NS_8204161_2026_P1D.csv,8204161,NORTH MOUNTAIN CS,-60.67,46.82,365,365,365,115,115,121,0,0,0,GOOD,,transformed/good/2026_CAE08204161.stndata
climate_daily_NS_8204190_2026_P1D.csv,8204190,OSBORNE HEAD DND,-63.42,44.61,365,365,365,106,106,193,0,0,0,GOOD,,transformed/good/2026_CAE08204190.stndata
climate_daily_NS_8204193_2026_P1D.csv,8204193,UPPER STEWIACKE RCS,-63.06,45.23,365,365,365,108,108,109,0,0,0,GOOD,,transformed/good/2026_CAE08204193.stndata
climate_daily_NS_8204402_2026_P1D.csv,8204402,PARRSBORO,-64.35,45.41,365,365,365,105,105,105,0,0,0,GOOD,,transformed/good/2026_CAE08204402.stndata
climate_daily_NS_8204453_2026_P1D.csv,8204453,POCKWOCK LAKE,-63.83,44.77,365,365,365,365,365,362,239,3,0,BAD,tmax/tmin/prcp all missing >= 180 days (365/365/362),transformed/bad/2026_CAE08204453.stndata
climate_daily_NS_8204495_2026_P1D.csv,8204495,PORT HAWKESBURY,-61.37,45.66,365,365,365,116,116,115,0,0,0,GOOD,,transformed/good/2026_CAE08204495.stndata
climate_daily_NS_8204703_2026_P1D.csv,8204703,SABLE ISLAND A,-59.96,43.93,365,365,365,177,177,177,0,0,0,GOOD,,transformed/good/2026_CAE08204703.stndata
climate_daily_NS_8204708_2026_P1D.csv,8204708,SABLE ISLAND,-60.01,43.93,365,365,365,109,109,110,0,0,0,GOOD,,transformed/good/2026_CAE08204708.stndata
climate_daily_NS_8204909_2026_P1D.csv,8204909,ST PAUL ISLAND (AUT),-60.14,47.23,365,365,365,237,237,365,0,0,0,BAD,tmax/tmin/prcp all missing >= 180 days (237/237/365),transformed/bad/2026_CAE08204909.stndata
climate_daily_NS_8205092_2026_P1D.csv,8205092,SHEARWATER RCS,-63.51,44.64,365,365,365,107,107,107,0,0,0,GOOD,,transformed/good/2026_CAE08205092.stndata
climate_daily_NS_8205093_2026_P1D.csv,8205093,SHEARWATER JETTY,-63.52,44.63,365,365,365,109,109,216,0,0,0,GOOD,,transformed/good/2026_CAE08205093.stndata
climate_daily_NS_8205130_2026_P1D.csv,8205130,SHELBURNE SANDY POINT,-65.31,43.75,365,365,365,107,107,107,0,0,0,GOOD,,transformed/good/2026_CAE08205130.stndata
climate_daily_NS_8205701_2026_P1D.csv,8205701,SYDNEY A,-60.05,46.16,365,365,365,106,106,105,0,31,0,GOOD,,transformed/good/2026_CAE08205701.stndata
climate_daily_NS_8205702_2026_P1D.csv,8205702,SYDNEY CS,-60.04,46.16,365,365,365,105,105,106,0,0,0,GOOD,,transformed/good/2026_CAE08205702.stndata
climate_daily_NS_8205703_2026_P1D.csv,8205703,SYDNEY A,-60.05,46.16,365,365,365,106,106,365,0,0,0,GOOD,,transformed/good/2026_CAE08205703.stndata
climate_daily_NS_8205895_2026_P1D.csv,8205895,TRACADIE,-61.68,45.61,365,365,365,108,108,109,0,0,0,GOOD,,transformed/good/2026_CAE08205895.stndata
climate_daily_NS_8206240_2026_P1D.csv,8206240,WESTERN HEAD,-64.66,43.99,365,365,365,107,107,108,0,0,0,GOOD,,transformed/good/2026_CAE08206240.stndata
climate_daily_NS_8206491_2026_P1D.csv,8206491,YARMOUTH RCS,-66.09,43.83,365,365,365,106,106,106,0,0,0,GOOD,,transformed/good/2026_CAE08206491.stndata
climate_daily_NS_8206495_2026_P1D.csv,8206495,YARMOUTH A,-66.09,43.83,365,365,365,105,105,105,0,33,0,GOOD,,transformed/good/2026_CAE08206495.stndata
climate_daily_NS_8206496_2026_P1D.csv,8206496,YARMOUTH A,-66.09,43.83,365,365,365,106,106,365,0,0,0,GOOD,,transformed/good/2026_CAE08206496.stndata
climate_daily_NT_2200105_2026_P1D.csv,2200105,AKLAVIK A,-135.01,68.22,365,365,365,106,106,365,0,0,0,GOOD,,transformed/good/2026_CAE02200105.stndata
climate_daily_NT_2200824_2026_P1D.csv,2200824,COLVILLE LAKE,-126.12,67.02,365,365,365,307,307,339,0,0,0,BAD,tmax/tmin/prcp all missing >= 180 days (307/307/339),transformed/bad/2026_CAE02200824.stndata
climate_daily_NT_2200827_2026_P1D.csv,2200827,COLVILLE LAKE A,-126.13,67.02,365,365,365,201,201,193,0,0,0,BAD,tmax/tmin/prcp all missing >= 180 days (201/201/193),transformed/bad/2026_CAE02200827.stndata
climate_daily_NT_2201022_2026_P1D.csv,2201022,DELINE CS,-123.43,65.21,365,365,365,113,113,113,0,0,0,GOOD,,transformed/good/2026_CAE02201022.stndata
climate_daily_NT_2201023_2026_P1D.csv,2201023,DELINE A,-123.44,65.21,365,365,365,117,117,365,0,0,0,GOOD,,transformed/good/2026_CAE02201023.stndata
climate_daily_NT_22010H0_2026_P1D.csv,22010H0,DEADMEN VALLEY,-124.47,61.26,365,365,365,109,109,365,0,0,0,GOOD,,transformed/good/2026_CAE022010H0.stndata
climate_daily_NT_2201100_2026_P1D.csv,2201100,DIAVIK DIAMOND MINE,-110.35,64.49,365,365,365,365,365,365,4,0,0,BAD,tmax/tmin/prcp all missing >= 180 days (365/365/365),transformed/bad/2026_CAE02201100.stndata
climate_daily_NT_2201406_2026_P1D.csv,2201406,FORT GOOD HOPE A,-128.65,66.24,365,365,365,133,133,365,0,0,0,GOOD,,transformed/good/2026_CAE02201406.stndata
climate_daily_NT_2201450_2026_P1D.csv,2201450,FORT GOOD HOPE CS,-128.64,66.24,365,365,365,114,114,114,0,0,0,GOOD,,transformed/good/2026_CAE02201450.stndata
climate_daily_NT_2201579_2026_P1D.csv,2201579,FORT LIARD,-123.47,60.23,365,365,365,111,111,111,0,0,0,GOOD,,transformed/good/2026_CAE02201579.stndata
climate_daily_NT_2201581_2026_P1D.csv,2201581,FORT LIARD A,-123.47,60.24,365,365,365,113,113,365,0,0,0,GOOD,,transformed/good/2026_CAE02201581.stndata
climate_daily_NT_2201606_2026_P1D.csv,2201606,FORT MCPHERSON A,-134.86,67.41,365,365,365,108,108,365,0,0,0,GOOD,,transformed/good/2026_CAE02201606.stndata
climate_daily_NT_2201705_2026_P1D.csv,2201705,TULITA A,-125.57,64.91,365,365,365,107,107,365,0,0,0,GOOD,,transformed/good/2026_CAE02201705.stndata
climate_daily_NT_2201799_2026_P1D.csv,2201799,FORT PROVIDENCE,-117.6,61.32,365,365,365,117,117,117,0,0,0,GOOD,,transformed/good/2026_CAE02201799.stndata
climate_daily_NT_2201903_2026_P1D.csv,2201903,FORT RELIANCE (AUT),-109.17,62.71,365,365,365,118,118,118,0,0,0,GOOD,,transformed/good/2026_CAE02201903.stndata
climate_daily_NT_2202010_2026_P1D.csv,2202010,FORT RESOLUTION A,-113.69,61.18,365,365,365,106,106,365,0,0,0,GOOD,,transformed/good/2026_CAE02202010.stndata
climate_daily_NT_2202102_2026_P1D.csv,2202102,FORT SIMPSON CLIMATE,-121.24,61.76,365,365,365,115,115,115,0,0,0,GOOD,,transformed/good/2026_CAE02202102.stndata
climate_daily_NT_2202103_2026_P1D.csv,2202103,FORT SIMPSON A,-121.24,61.76,365,365,365,221,221,181,0,45,0,BAD,tmax/tmin/prcp all missing >= 180 days (221/221/181),transformed/bad/2026_CAE02202103.stndata
climate_daily_NT_2202104_2026_P1D.csv,2202104,FORT SIMPSON A,-121.24,61.76,365,365,365,121,122,365,0,0,0,GOOD,,transformed/good/2026_CAE02202104.stndata
climate_daily_NT_2202201_2026_P1D.csv,2202201,FORT SMITH A,-111.96,60.02,365,365,365,145,145,120,0,44,0,GOOD,,transformed/good/2026_CAE02202201.stndata
climate_daily_NT_2202202_2026_P1D.csv,2202202,FORT SMITH CLIMATE,-111.93,60.03,365,365,365,117,117,117,0,0,0,GOOD,,transformed/good/2026_CAE02202202.stndata
climate_daily_NT_2202203_2026_P1D.csv,2202203,FORT SMITH A,-111.96,60.02,365,365,365,107,107,365,0,0,0,GOOD,,transformed/good/2026_CAE02202203.stndata
climate_daily_NT_2202351_2026_P1D.csv,2202351,HANBURY RIVER,-105.13,63.6,365,365,365,113,113,114,0,0,0,GOOD,,transformed/good/2026_CAE02202351.stndata
climate_daily_NT_2202401_2026_P1D.csv,2202401,HAY RIVER A,-115.78,60.84,365,365,365,117,117,112,0,51,0,GOOD,,transformed/good/2026_CAE02202401.stndata
climate_daily_NT_2202402_2026_P1D.csv,2202402,HAY RIVER CLIMATE,-115.78,60.84,365,365,365,106,106,106,0,0,0,GOOD,,transformed/good/2026_CAE02202402.stndata
climate_daily_NT_2202403_2026_P1D.csv,2202403,HAY RIVER A,-115.78,60.84,365,365,365,109,109,365,0,0,0,GOOD,,transformed/good/2026_CAE02202403.stndata
climate_daily_NT_2202560_2026_P1D.csv,2202560,INNER WHALEBACKS,-113.73,61.92,365,365,365,121,121,125,0,0,0,GOOD,,transformed/good/2026_CAE02202560.stndata
climate_daily_NT_2202571_2026_P1D.csv,2202571,INUVIK A,-133.48,68.3,365,365,365,105,105,365,0,0,0,GOOD,,transformed/good/2026_CAE02202571.stndata
climate_daily_NT_2202578_2026_P1D.csv,2202578,INUVIK CLIMATE,-133.52,68.32,365,365,365,110,110,110,0,0,0,GOOD,,transformed/good/2026_CAE02202578.stndata
climate_daily_NT_2202678_2026_P1D.csv,2202678,WHATI,-117.24,63.13,365,365,365,112,112,116,0,0,0,GOOD,,transformed/good/2026_CAE02202678.stndata
climate_daily_NT_2202690_2026_P1D.csv,2202690,LUTSELK'E A,-110.68,62.42,365,365,365,109,109,365,0,0,0,GOOD,,transformed/good/2026_CAE02202690.stndata
climate_daily_NT_2202751_2026_P1D.csv,2202751,NICHOLSON PENINSULA 2,-128.97,69.92,365,365,365,327,327,365,0,0,0,BAD,tmax/tmin/prcp all missing >= 180 days (327/327/365),transformed/bad/2026_CAE02202751.stndata
climate_daily_NT_2202801_2026_P1D.csv,2202801,NORMAN WELLS A,-126.8,65.28,365,365,365,111,111,106,0,77,0,GOOD,,transformed/good/2026_CAE02202801.stndata
climate_daily_NT_2202810_2026_P1D.csv,2202810,NORMAN WELLS CLIMATE,-126.75,65.29,365,365,365,114,114,114,0,0,0,GOOD,,transformed/good/2026_CAE02202810.stndata
climate_daily_NT_2203055_2026_P1D.csv,2203055,PAULATUK A,-124.08,69.36,365,365,365,110,110,365,0,0,0,GOOD,,transformed/good/2026_CAE02203055.stndata
climate_daily_NT_2203058_2026_P1D.csv,2203058,PAULATUK,-124.08,69.36,365,365,365,109,109,288,0,0,0,GOOD,,transformed/good/2026_CAE02203058.stndata
climate_daily_NT_2203095_2026_P1D.csv,2203095,PELLY ISLAND,-135.44,69.63,365,365,365,365,365,365,0,0,0,BAD,tmax/tmin/prcp all missing >= 180 days (365/365/365),transformed/bad/2026_CAE02203095.stndata
climate_daily_NT_2203342_2026_P1D.csv,2203342,RABBIT KETTLE,-127.21,61.96,365,365,365,109,109,248,0,0,0,GOOD,,transformed/good/2026_CAE02203342.stndata
climate_daily_NT_2203359_2026_P1D.csv,2203359,GAMETI,-117.33,64.11,365,365,365,107,107,107,0,0,0,GOOD,,transformed/good/2026_CAE02203359.stndata
climate_daily_NT_2203365_2026_P1D.csv,2203365,GAMETI A,-117.31,64.12,365,365,365,108,108,365,0,0,0,GOOD,,transformed/good/2026_CAE02203365.stndata
climate_daily_NT_2203911_2026_P1D.csv,2203911,TUKTOYAKTUK A,-133.03,69.43,365,365,365,108,108,365,0,0,0,GOOD,,transformed/good/2026_CAE02203911.stndata
climate_daily_NT_2203914_2026_P1D.csv,2203914,TUKTOYAKTUK,-133.02,69.43,365,365,365,117,117,183,0,0,0,GOOD,,transformed/good/2026_CAE02203914.stndata
climate_daily_NT_2203918_2026_P1D.csv,2203918,TUKTUT NOGAIT,-122.36,69.2,365,365,365,114,114,317,0,0,0,GOOD,,transformed/good/2026_CAE02203918.stndata
climate_daily_NT_2203980_2026_P1D.csv,2203980,WEKWEETI A,-114.08,64.19,365,365,365,115,115,115,0,0,0,GOOD,,transformed/good/2026_CAE02203980.stndata
climate_daily_NT_2204005_2026_P1D.csv,2204005,WRIGLEY A,-123.44,63.21,365,365,365,106,106,365,0,0,0,GOOD,,transformed/good/2026_CAE02204005.stndata
climate_daily_NT_2204101_2026_P1D.csv,2204101,YELLOWKNIFE A,-114.44,62.46,365,365,365,106,106,105,0,78,0,GOOD,,transformed/good/2026_CAE02204101.stndata
climate_daily_NT_2204108_2026_P1D.csv,2204108,YELLOWKNIFE AIRPORT,-114.45,62.47,365,365,365,107,107,108,0,0,0,GOOD,,transformed/good/2026_CAE02204108.stndata
climate_daily_NT_2204300_2026_P1D.csv,2204300,YOHIN,-123.74,61.24,365,365,365,111,111,241,0,0,0,GOOD,,transformed/good/2026_CAE02204300.stndata
climate_daily_NT_220B68C_2026_P1D.csv,220B68C,LIVERPOOL BAY,-130.91,69.6,365,365,365,329,329,365,0,0,0,BAD,tmax/tmin/prcp all missing >= 180 days (329/329/365),transformed/bad/2026_CAE0220B68C.stndata
climate_daily_NT_220B6Q3_2026_P1D.csv,220B6Q3,LITTLE CHICAGO,-130.23,67.18,365,365,365,148,148,365,0,0,0,GOOD,,transformed/good/2026_CAE0220B6Q3.stndata
climate_daily_NT_220CQHR_2026_P1D.csv,220CQHR,SAMBAA K'E,-121.24,60.44,365,365,365,106,106,106,0,0,0,GOOD,,transformed/good/2026_CAE0220CQHR.stndata
climate_daily_NT_220N003_2026_P1D.csv,220N003,LINDBERG LANDING,-122.85,61.13,365,365,365,110,110,173,0,0,0,GOOD,,transformed/good/2026_CAE0220N003.stndata
climate_daily_NT_220N005_2026_P1D.csv,220N005,TRAIL VALLEY,-133.5,68.75,365,365,365,114,115,224,0,0,0,GOOD,,transformed/good/2026_CAE0220N005.stndata
climate_daily_NT_2500440_2026_P1D.csv,2500440,NANGMAGVIK LAKE,-119.99,74.14,365,365,365,148,148,152,0,0,0,GOOD,,transformed/good/2026_CAE02500440.stndata
climate_daily_NT_2501419_2026_P1D.csv,2501419,CAPE PROVIDENCE,-112.16,74.46,365,365,365,293,293,302,0,0,0,BAD,tmax/tmin/prcp all missing >= 180 days (293/293/302),transformed/bad/2026_CAE02501419.stndata
climate_daily_NT_2502503_2026_P1D.csv,2502503,ULUKHAKTOK A,-117.81,70.76,365,365,365,115,115,365,0,0,0,GOOD,,transformed/good/2026_CAE02502503.stndata
climate_daily_NT_2502505_2026_P1D.csv,2502505,ULUKHAKTOK,-117.8,70.76,365,365,365,107,107,308,0,0,0,GOOD,,transformed/good/2026_CAE02502505.stndata
climate_daily_NT_2503648_2026_P1D.csv,2503648,SACHS HARBOUR CLIMATE,-125.25,71.99,365,365,365,108,108,189,0,0,0,GOOD,,transformed/good/2026_CAE02503648.stndata
climate_daily_NT_2503649_2026_P1D.csv,2503649,SACHS HARBOUR A,-125.24,71.99,365,365,365,106,106,365,0,0,0,GOOD,,transformed/good/2026_CAE02503649.stndata
climate_daily_NT_2503886_2026_P1D.csv,2503886,THOMSEN RIVER,-119.54,73.23,365,365,365,184,185,217,0,0,0,BAD,tmax/tmin/prcp all missing >= 180 days (184/185/217),transformed/bad/2026_CAE02503886.stndata
climate_daily_NT_250M001_2026_P1D.csv,250M001,MOULD BAY CS,-119.35,76.24,365,365,365,124,124,125,0,0,0,GOOD,,transformed/good/2026_CAE0250M001.stndata
climate_daily_NU_2300427_2026_P1D.csv,2300427,ARVIAT A,-94.07,61.09,365,365,365,111,111,111,0,0,0,GOOD,,transformed/good/2026_CAE02300427.stndata
climate_daily_NU_2300501_2026_P1D.csv,2300501,BAKER LAKE CLIMATE,-96.0,64.32,365,365,365,107,107,159,0,0,0,GOOD,,transformed/good/2026_CAE02300501.stndata
climate_daily_NU_2300503_2026_P1D.csv,2300503,BAKER LAKE A,-96.08,64.3,365,365,365,166,166,140,0,112,0,GOOD,,transformed/good/2026_CAE02300503.stndata
climate_daily_NU_2300504_2026_P1D.csv,2300504,BAKER LAKE A,-96.08,64.3,365,365,365,111,111,365,0,0,0,GOOD,,transformed/good/2026_CAE02300504.stndata
climate_daily_NU_2300551_2026_P1D.csv,2300551,BATHURST INLET,-108.01,66.84,365,365,365,114,114,114,0,0,0,GOOD,,transformed/good/2026_CAE02300551.stndata
climate_daily_NU_2300556_2026_P1D.csv,2300556,BERNARD HARBOUR,-114.94,68.76,365,365,365,362,362,365,0,0,0,BAD,tmax/tmin/prcp all missing >= 180 days (362/362/365),transformed/bad/2026_CAE02300556.stndata
climate_daily_NU_2300708_2026_P1D.csv,2300708,CHESTERFIELD INLET AIRPORT,-90.73,63.34,365,365,365,106,106,106,0,0,0,GOOD,,transformed/good/2026_CAE02300708.stndata
climate_daily_NU_2300710_2026_P1D.csv,2300710,CHESTERFIELD INLET A,-90.73,63.35,365,365,365,107,107,365,0,0,0,GOOD,,transformed/good/2026_CAE02300710.stndata
climate_daily_NU_2300903_2026_P1D.csv,2300903,KUGLUKTUK A,-115.14,67.82,365,365,365,155,155,154,0,84,0,GOOD,,transformed/good/2026_CAE02300903.stndata
climate_daily_NU_2300904_2026_P1D.csv,2300904,KUGLUKTUK CLIMATE,-115.14,67.82,365,365,365,219,219,219,0,0,0,BAD,tmax/tmin/prcp all missing >= 180 days (219/219/219),transformed/bad/2026_CAE02300904.stndata
climate_daily_NU_2300905_2026_P1D.csv,2300905,KUGLUKTUK A,-115.14,67.82,365,365,365,114,114,365,0,0,0,GOOD,,transformed/good/2026_CAE02300905.stndata
climate_daily_NU_2301002_2026_P1D.csv,2301002,CORAL HARBOUR A,-83.36,64.19,365,365,365,239,239,162,0,89,0,GOOD,,transformed/good/2026_CAE02301002.stndata
climate_daily_NU_2301004_2026_P1D.csv,2301004,CORAL HARBOUR A,-83.36,64.19,365,365,365,296,296,365,0,0,0,BAD,tmax/tmin/prcp all missing >= 180 days (296/296/365),transformed/bad/2026_CAE02301004.stndata
climate_daily_NU_2301010_2026_P1D.csv,2301010,CORAL HARBOUR RCS,-83.35,64.18,365,365,365,108,108,233,0,0,0,GOOD,,transformed/good/2026_CAE02301010.stndata
climate_daily_NU_2301102_2026_P1D.csv,2301102,ENNADAI LAKE (AUT),-100.88,61.13,365,365,365,112,112,112,0,0,0,GOOD,,transformed/good/2026_CAE02301102.stndata
climate_daily_NU_2301153_2026_P1D.csv,2301153,ARVIAT CLIMATE,-94.07,61.1,365,365,365,106,106,135,0,0,0,GOOD,,transformed/good/2026_CAE02301153.stndata
climate_daily_NU_2302337_2026_P1D.csv,2302337,GJOA HAVEN A,-95.85,68.64,365,365,365,106,106,106,0,0,0,GOOD,,transformed/good/2026_CAE02302337.stndata
climate_daily_NU_2302340_2026_P1D.csv,2302340,GJOA HAVEN CLIMATE,-95.85,68.64,365,365,365,108,108,109,0,0,0,GOOD,,transformed/good/2026_CAE02302340.stndata
climate_daily_NU_2303093_2026_P1D.csv,2303093,PELLY BAY,-89.73,68.44,365,365,365,328,328,365,0,0,0,BAD,tmax/tmin/prcp all missing >= 180 days (328/328/365),transformed/bad/2026_CAE02303093.stndata
climate_daily_NU_2303094_2026_P1D.csv,2303094,KUGAARUK CLIMATE,-89.8,68.54,365,365,365,108,108,108,0,0,0,GOOD,,transformed/good/2026_CAE02303094.stndata
climate_daily_NU_2303095_2026_P1D.csv,2303095,KUGAARUK A,-89.81,68.54,365,365,365,105,105,365,0,0,0,GOOD,,transformed/good/2026_CAE02303095.stndata
climate_daily_NU_2303405_2026_P1D.csv,2303405,RANKIN INLET A,-92.11,62.81,365,365,365,117,117,114,0,132,0,GOOD,,transformed/good/2026_CAE02303405.stndata
climate_daily_NU_2303610_2026_P1D.csv,2303610,ROBERTSON LAKE (AUT),-102.43,65.1,365,365,365,123,123,117,0,0,0,GOOD,,transformed/good/2026_CAE02303610.stndata
climate_daily_NU_2303660_2026_P1D.csv,2303660,SANIKILUAQ A,-79.25,56.54,365,365,365,126,126,365,0,0,0,GOOD,,transformed/good/2026_CAE02303660.stndata
climate_daily_NU_2303668_2026_P1D.csv,2303668,SANIKILUAQ,-79.26,56.54,365,365,365,273,273,319,0,0,0,BAD,tmax/tmin/prcp all missing >= 180 days (273/273/319),transformed/bad/2026_CAE02303668.stndata
climate_daily_NU_2303685_2026_P1D.csv,2303685,SHEPHERD BAY A,-93.43,68.82,365,365,365,330,330,365,0,0,0,BAD,tmax/tmin/prcp all missing >= 180 days (330/330/365),transformed/bad/2026_CAE02303685.stndata
climate_daily_NU_2303990_2026_P1D.csv,2303990,WHALE COVE A,-92.6,62.24,365,365,365,121,121,365,0,0,0,GOOD,,transformed/good/2026_CAE02303990.stndata
climate_daily_NU_230N002_2026_P1D.csv,230N002,LUPIN CS,-111.25,65.76,365,365,365,129,129,130,0,0,0,GOOD,,transformed/good/2026_CAE0230N002.stndata
climate_daily_NU_2400305_2026_P1D.csv,2400305,ALERT CLIMATE,-62.33,82.5,365,365,365,111,111,111,0,0,0,GOOD,,transformed/good/2026_CAE02400305.stndata
climate_daily_NU_2400306_2026_P1D.csv,2400306,ALERT UA,-62.34,82.49,365,365,365,365,365,362,259,3,0,BAD,tmax/tmin/prcp all missing >= 180 days (365/365/362),transformed/bad/2026_CAE02400306.stndata
climate_daily_NU_2400399_2026_P1D.csv,2400399,ARCTIC BAY,-85.05,73.01,365,365,365,109,109,365,0,0,0,GOOD,,transformed/good/2026_CAE02400399.stndata
climate_daily_NU_2400404_2026_P1D.csv,2400404,ARCTIC BAY CS,-85.01,72.99,365,365,365,106,106,106,0,0,0,GOOD,,transformed/good/2026_CAE02400404.stndata
climate_daily_NU_2400573_2026_P1D.csv,2400573,QIKIQTARJUAQ CLIMATE,-64.03,67.55,365,365,365,106,106,106,0,0,0,GOOD,,transformed/good/2026_CAE02400573.stndata
climate_daily_NU_2400577_2026_P1D.csv,2400577,QIKIQTARJUAQ A,-64.03,67.55,365,365,365,161,161,160,0,0,0,GOOD,,transformed/good/2026_CAE02400577.stndata
climate_daily_NU_2400601_2026_P1D.csv,2400601,CAMBRIDGE BAY A,-105.14,69.11,365,365,365,136,136,128,0,119,0,GOOD,,transformed/good/2026_CAE02400601.stndata
climate_daily_NU_2400602_2026_P1D.csv,2400602,CAMBRIDGE BAY GSN,-105.14,69.11,365,365,365,110,110,315,0,0,0,GOOD,,transformed/good/2026_CAE02400602.stndata
climate_daily_NU_2400603_2026_P1D.csv,2400603,CAMBRIDGE BAY A,-105.14,69.11,365,365,365,109,109,365,0,0,0,GOOD,,transformed/good/2026_CAE02400603.stndata
climate_daily_NU_2400636_2026_P1D.csv,2400636,KINNGAIT,-76.53,64.23,365,365,365,106,106,106,0,0,0,GOOD,,transformed/good/2026_CAE02400636.stndata
climate_daily_NU_2400637_2026_P1D.csv,2400637,KINNGAIT AIRPORT,-76.53,64.23,365,365,365,108,108,107,0,0,0,GOOD,,transformed/good/2026_CAE02400637.stndata
climate_daily_NU_2400675_2026_P1D.csv,2400675,CAPE LIVERPOOL,-78.29,73.67,365,365,365,128,128,134,0,0,0,GOOD,,transformed/good/2026_CAE02400675.stndata
climate_daily_NU_2400697_2026_P1D.csv,2400697,CAPE PEEL WEST,-107.82,69.04,365,365,365,328,328,365,0,0,0,BAD,tmax/tmin/prcp all missing >= 180 days (328/328/365),transformed/bad/2026_CAE02400697.stndata
climate_daily_NU_2400802_2026_P1D.csv,2400802,CLYDE RIVER CLIMATE,-68.52,70.48,365,365,365,109,109,203,0,0,0,GOOD,,transformed/good/2026_CAE02400802.stndata
climate_daily_NU_2400804_2026_P1D.csv,2400804,CLYDE RIVER A,-68.52,70.49,365,365,365,111,111,111,0,0,0,GOOD,,transformed/good/2026_CAE02400804.stndata
climate_daily_NU_2401030_2026_P1D.csv,2401030,DEWAR LAKES,-71.17,68.65,365,365,365,330,330,365,0,0,0,BAD,tmax/tmin/prcp all missing >= 180 days (330/330/365),transformed/bad/2026_CAE02401030.stndata
climate_daily_NU_2401199_2026_P1D.csv,2401199,EUREKA CLIMATE,-85.93,79.99,365,365,365,110,110,110,0,0,0,GOOD,,transformed/good/2026_CAE02401199.stndata
climate_daily_NU_2401208_2026_P1D.csv,2401208,EUREKA A,-85.81,79.99,365,365,365,116,116,365,0,0,0,GOOD,,transformed/good/2026_CAE02401208.stndata
climate_daily_NU_2402051_2026_P1D.csv,2402051,FORT ROSS,-94.2,72.02,365,365,365,128,128,128,0,0,0,GOOD,,transformed/good/2026_CAE02402051.stndata
climate_daily_NU_2402332_2026_P1D.csv,2402332,GATESHEAD ISLAND,-100.27,70.63,365,365,365,149,149,157,0,0,0,GOOD,,transformed/good/2026_CAE02402332.stndata
climate_daily_NU_2402351_2026_P1D.csv,2402351,GRISE FIORD CLIMATE,-82.9,76.42,365,365,365,109,109,123,0,0,0,GOOD,,transformed/good/2026_CAE02402351.stndata
climate_daily_NU_2402353_2026_P1D.csv,2402353,SANIRAJAK,-81.24,68.78,365,365,365,108,108,108,0,0,0,GOOD,,transformed/good/2026_CAE02402353.stndata
climate_daily_NU_2402354_2026_P1D.csv,2402354,SANIRAJAK AIRPORT,-81.24,68.78,365,365,365,110,110,211,0,0,0,GOOD,,transformed/good/2026_CAE02402354.stndata
climate_daily_NU_2402360_2026_P1D.csv,2402360,GRISE FIORD A,-82.91,76.43,365,365,365,108,108,365,0,0,0,GOOD,,transformed/good/2026_CAE02402360.stndata
climate_daily_NU_2402546_2026_P1D.csv,2402546,IGLOOLIK A,-81.82,69.36,365,365,365,108,108,365,0,0,0,GOOD,,transformed/good/2026_CAE02402546.stndata
climate_daily_NU_2402592_2026_P1D.csv,2402592,IQALUIT CLIMATE,-68.54,63.75,365,365,365,113,114,159,0,0,0,GOOD,,transformed/good/2026_CAE02402592.stndata
climate_daily_NU_2402596_2026_P1D.csv,2402596,IQALUIT A,-68.56,63.76,365,365,365,105,105,365,0,0,0,GOOD,,transformed/good/2026_CAE02402596.stndata
climate_daily_NU_2402604_2026_P1D.csv,2402604,ISACHSEN (AUT),-103.55,78.79,365,365,365,332,332,335,0,0,0,BAD,tmax/tmin/prcp all missing >= 180 days (332/332/335),transformed/bad/2026_CAE02402604.stndata
climate_daily_NU_2402673_2026_P1D.csv,2402673,KIMMIRUT A,-69.88,62.85,365,365,365,108,108,365,0,0,0,GOOD,,transformed/good/2026_CAE02402673.stndata
climate_daily_NU_2403049_2026_P1D.csv,2403049,PANGNIRTUNG,-65.71,66.14,365,365,365,106,106,106,0,0,0,GOOD,,transformed/good/2026_CAE02403049.stndata
climate_daily_NU_2403054_2026_P1D.csv,2403054,PANGNIRTUNG A,-65.71,66.15,365,365,365,107,107,365,0,0,0,GOOD,,transformed/good/2026_CAE02403054.stndata
climate_daily_NU_2403204_2026_P1D.csv,2403204,POND INLET CLIMATE,-77.96,72.69,365,365,365,107,107,108,0,0,0,GOOD,,transformed/good/2026_CAE02403204.stndata
climate_daily_NU_2403206_2026_P1D.csv,2403206,POND INLET A,-77.97,72.69,365,365,365,105,105,105,0,0,0,GOOD,,transformed/good/2026_CAE02403206.stndata
climate_daily_NU_2403450_2026_P1D.csv,2403450,REA POINT,-105.72,75.38,365,365,365,120,122,246,0,0,0,GOOD,,transformed/good/2026_CAE02403450.stndata
climate_daily_NU_2403495_2026_P1D.csv,2403495,NAUJAAT A,-86.22,66.52,365,365,365,147,147,365,0,0,0,GOOD,,transformed/good/2026_CAE02403495.stndata
climate_daily_NU_2403497_2026_P1D.csv,2403497,RESOLUTE BAY A,-94.97,74.72,365,365,365,112,112,365,0,0,0,GOOD,,transformed/good/2026_CAE02403497.stndata
climate_daily_NU_2403498_2026_P1D.csv,2403498,RESOLUTE BAY A,-94.97,74.72,365,365,365,223,223,145,0,105,0,GOOD,,transformed/good/2026_CAE02403498.stndata
climate_daily_NU_2403505_2026_P1D.csv,2403505,RESOLUTE CS,-94.98,74.72,365,365,365,133,133,202,0,0,0,GOOD,,transformed/good/2026_CAE02403505.stndata
climate_daily_NU_2403625_2026_P1D.csv,2403625,ROWLEY ISLAND,-79.03,69.08,365,365,365,329,329,365,0,0,0,BAD,tmax/tmin/prcp all missing >= 180 days (329/329/365),transformed/bad/2026_CAE02403625.stndata
climate_daily_NU_2403756_2026_P1D.csv,2403756,STEFANSSON ISLAND,-105.3,73.77,365,365,365,153,153,158,0,0,0,GOOD,,transformed/good/2026_CAE02403756.stndata
climate_daily_NU_2403833_2026_P1D.csv,2403833,SVARTEVAEG,-91.82,81.16,365,365,365,107,107,107,0,0,0,GOOD,,transformed/good/2026_CAE02403833.stndata
climate_daily_NU_2403855_2026_P1D.csv,2403855,TALOYOAK A,-93.58,69.55,365,365,365,276,276,273,0,47,0,BAD,tmax/tmin/prcp all missing >= 180 days (276/276/273),transformed/bad/2026_CAE02403855.stndata
climate_daily_NU_2403856_2026_P1D.csv,2403856,TALOYOAK A,-93.58,69.55,365,365,365,105,105,365,0,0,0,GOOD,,transformed/good/2026_CAE02403856.stndata
climate_daily_NU_2403945_2026_P1D.csv,2403945,WAGER BAY (AUT),-89.45,65.88,365,365,365,200,200,201,0,0,0,BAD,tmax/tmin/prcp all missing >= 180 days (200/200/201),transformed/bad/2026_CAE02403945.stndata
climate_daily_ON_6010400_2026_P1D.csv,6010400,ATTAWAPISKAT A,-82.43,52.93,365,365,365,106,106,107,0,0,0,GOOD,,transformed/good/2026_CAE06010400.stndata
climate_daily_ON_6010735_2026_P1D.csv,6010735,BIG TROUT LAKE A,-89.9,53.82,365,365,365,116,116,122,0,0,0,GOOD,,transformed/good/2026_CAE06010735.stndata
climate_daily_ON_6010740_2026_P1D.csv,6010740,BIG TROUT LAKE,-89.89,53.82,365,365,365,115,115,115,0,0,0,GOOD,,transformed/good/2026_CAE06010740.stndata
climate_daily_ON_6012199_2026_P1D.csv,6012199,EAR FALLS (AUT),-93.22,50.63,365,365,365,106,106,106,0,0,0,GOOD,,transformed/good/2026_CAE06012199.stndata
climate_daily_ON_6012501_2026_P1D.csv,6012501,FORT SEVERN A,-87.68,56.02,365,365,365,110,110,116,0,0,0,GOOD,,transformed/good/2026_CAE06012501.stndata
climate_daily_ON_6014351_2026_P1D.csv,6014351,LANSDOWNE HOUSE A,-87.93,52.2,365,365,365,109,109,110,0,0,0,GOOD,,transformed/good/2026_CAE06014351.stndata
climate_daily_ON_6014353_2026_P1D.csv,6014353,LANSDOWNE HOUSE (AUT),-87.94,52.2,365,365,365,276,276,276,0,0,0,BAD,tmax/tmin/prcp all missing >= 180 days (276/276/276),transformed/bad/2026_CAE06014353.stndata
climate_daily_ON_6015026_2026_P1D.csv,6015026,MUSKRAT DAM,-91.76,53.44,365,365,365,169,169,170,0,0,0,GOOD,,transformed/good/2026_CAE06015026.stndata
climate_daily_ON_6016295_2026_P1D.csv,6016295,PEAWANUCK (AUT),-85.43,54.98,365,365,365,182,182,182,0,0,0,BAD,tmax/tmin/prcp all missing >= 180 days (182/182/182),transformed/bad/2026_CAE06016295.stndata
climate_daily_ON_6016298_2026_P1D.csv,6016298,PEAWANUCK A,-85.44,54.99,365,365,365,106,106,106,0,0,0,GOOD,,transformed/good/2026_CAE06016298.stndata
climate_daily_ON_6016525_2026_P1D.csv,6016525,PICKLE LAKE (AUT),-90.22,51.45,365,365,365,105,105,105,0,0,0,GOOD,,transformed/good/2026_CAE06016525.stndata
climate_daily_ON_6016528_2026_P1D.csv,6016528,PICKLE LAKE A,-90.21,51.45,365,365,365,116,116,183,0,0,0,GOOD,,transformed/good/2026_CAE06016528.stndata
climate_daily_ON_6016971_2026_P1D.csv,6016971,RED LAKE A,-93.79,51.07,365,365,365,107,107,365,0,0,0,GOOD,,transformed/good/2026_CAE06016971.stndata
climate_daily_ON_6017401_2026_P1D.csv,6017401,SANDY LAKE A,-93.34,53.06,365,365,365,105,105,107,0,0,0,GOOD,,transformed/good/2026_CAE06017401.stndata
climate_daily_ON_6019400_2026_P1D.csv,6019400,WEAGAMOW LAKE,-91.32,52.94,365,365,365,117,117,118,0,0,0,GOOD,,transformed/good/2026_CAE06019400.stndata
climate_daily_ON_6020559_2026_P1D.csv,6020559,BARWICK,-93.97,48.63,365,365,365,365,365,348,257,17,0,BAD,tmax/tmin/prcp all missing >= 180 days (365/365/348),transformed/bad/2026_CAE06020559.stndata
climate_daily_ON_6020LPQ_2026_P1D.csv,6020LPQ,ATIKOKAN (AUT),-91.63,48.76,365,365,365,106,106,106,0,0,0,GOOD,,transformed/good/2026_CAE06020LPQ.stndata
climate_daily_ON_6022474_2026_P1D.csv,6022474,FORT FRANCES RCS,-93.44,48.65,365,365,365,107,107,107,0,0,0,GOOD,,transformed/good/2026_CAE06022474.stndata
climate_daily_ON_6032125_2026_P1D.csv,6032125,DRYDEN REGIONAL,-92.74,49.83,365,365,365,150,150,142,0,0,0,GOOD,,transformed/good/2026_CAE06032125.stndata
climate_daily_ON_6034073_2026_P1D.csv,6034073,KENORA RCS,-94.38,49.79,365,365,365,106,106,106,0,0,0,GOOD,,transformed/good/2026_CAE06034073.stndata
climate_daily_ON_6034076_2026_P1D.csv,6034076,KENORA A,-94.36,49.79,365,365,365,119,119,105,0,58,0,GOOD,,transformed/good/2026_CAE06034076.stndata
climate_daily_ON_6036904_2026_P1D.csv,6036904,RAWSON LAKE,-93.72,49.65,365,365,365,365,365,355,228,10,0,BAD,tmax/tmin/prcp all missing >= 180 days (365/365/355),transformed/bad/2026_CAE06036904.stndata
climate_daily_ON_6036907_2026_P1D.csv,6036907,RAWSON LAKE (AUT),-93.73,49.66,365,365,365,108,108,108,0,0,0,GOOD,,transformed/good/2026_CAE06036907.stndata
climate_daily_ON_6037201_2026_P1D.csv,6037201,ROYAL ISLAND (AUT),-94.76,49.47,365,365,365,113,113,114,0,0,0,GOOD,,transformed/good/2026_CAE06037201.stndata
climate_daily_ON_6037776_2026_P1D.csv,6037776,SIOUX LOOKOUT A,-91.91,50.11,365,365,365,105,105,106,0,73,0,GOOD,,transformed/good/2026_CAE06037776.stndata
climate_daily_ON_6037800_2026_P1D.csv,6037800,SIOUX LOOKOUT AIRPORT,-91.91,50.11,365,365,365,105,105,105,0,0,0,GOOD,,transformed/good/2026_CAE06037800.stndata
climate_daily_ON_6040325_2026_P1D.csv,6040325,ARMSTRONG (AUT),-88.91,50.29,365,365,365,119,119,119,0,0,0,GOOD,,transformed/good/2026_CAE06040325.stndata
climate_daily_ON_6040327_2026_P1D.csv,6040327,ARMSTRONG A,-88.91,50.29,365,365,365,108,108,108,0,0,0,GOOD,,transformed/good/2026_CAE06040327.stndata
climate_daily_ON_6041110_2026_P1D.csv,6041110,CAMERON FALLS (AUT),-88.34,49.15,365,365,365,124,124,124,0,0,0,GOOD,,transformed/good/2026_CAE06041110.stndata
climate_daily_ON_6041222_2026_P1D.csv,6041222,CARIBOU ISLAND (AUT),-85.83,47.33,365,365,365,159,159,241,0,0,0,GOOD,,transformed/good/2026_CAE06041222.stndata
climate_daily_ON_6042718_2026_P1D.csv,6042718,GERALDTON A,-86.99,49.78,365,365,365,111,111,111,0,0,0,GOOD,,transformed/good/2026_CAE06042718.stndata
climate_daily_ON_6042719_2026_P1D.csv,6042719,GERALDTON AIRPORT,-86.93,49.78,365,365,365,107,107,107,0,0,0,GOOD,,transformed/good/2026_CAE06042719.stndata
climate_daily_ON_6043390_2026_P1D.csv,6043390,HAZELWOOD,-89.27,48.47,365,365,365,365,365,350,259,15,0,BAD,tmax/tmin/prcp all missing >= 180 days (365/365/350),transformed/bad/2026_CAE06043390.stndata
climate_daily_ON_6044967_2026_P1D.csv,6044967,MARATHON A,-86.35,48.76,365,365,365,108,108,365,0,0,0,GOOD,,transformed/good/2026_CAE06044967.stndata
climate_daily_ON_6046768_2026_P1D.csv,6046768,PUKASKWA (AUT),-86.29,48.61,365,365,365,106,106,106,0,0,0,GOOD,,transformed/good/2026_CAE06046768.stndata
climate_daily_ON_6048232_2026_P1D.csv,6048232,TERRACE BAY AIRPORT,-87.09,48.82,365,365,365,110,110,110,0,0,0,GOOD,,transformed/good/2026_CAE06048232.stndata
climate_daily_ON_6048260_2026_P1D.csv,6048260,THUNDER BAY,-89.32,48.37,365,365,365,189,189,365,0,0,0,BAD,tmax/tmin/prcp all missing >= 180 days (189/189/365),transformed/bad/2026_CAE06048260.stndata
climate_daily_ON_6048262_2026_P1D.csv,6048262,THUNDER BAY A,-89.32,48.37,365,365,365,117,117,365,0,0,0,GOOD,,transformed/good/2026_CAE06048262.stndata
climate_daily_ON_6048268_2026_P1D.csv,6048268,THUNDER BAY CS,-89.33,48.37,365,365,365,105,105,105,0,0,0,GOOD,,transformed/good/2026_CAE06048268.stndata
climate_daily_ON_6049095_2026_P1D.csv,6049095,UPSALA (AUT),-90.47,49.03,365,365,365,115,115,115,0,0,0,GOOD,,transformed/good/2026_CAE06049095.stndata
climate_daily_ON_6049443_2026_P1D.csv,6049443,WELCOME ISLAND (AUT),-89.12,48.37,365,365,365,106,106,218,0,0,0,GOOD,,transformed/good/2026_CAE06049443.stndata
climate_daily_ON_6049470_2026_P1D.csv,6049470,LITTLE FLATLAND ISLAND (AUT),-88.31,49.69,365,365,365,108,108,108,0,0,0,GOOD,,transformed/good/2026_CAE06049470.stndata
climate_daily_ON_6054425_2026_P1D.csv,6054425,LAKE SUPERIOR PROVINCIAL PARK,-84.81,47.72,365,365,365,108,108,123,0,0,0,GOOD,,transformed/good/2026_CAE06054425.stndata
climate_daily_ON_6057591_2026_P1D.csv,6057591,SAULT STE MARIE A,-84.51,46.49,365,365,365,110,110,109,0,45,0,GOOD,,transformed/good/2026_CAE06057591.stndata
climate_daily_ON_6057593_2026_P1D.csv,6057593,SAULT STE. MARIE AIRPORT,-84.52,46.48,365,365,365,107,107,107,0,0,0,GOOD,,transformed/good/2026_CAE06057593.stndata
climate_daily_ON_6059413_2026_P1D.csv,6059413,WAWA A,-84.79,47.97,365,365,365,110,110,365,0,0,0,GOOD,,transformed/good/2026_CAE06059413.stndata
climate_daily_ON_6061365_2026_P1D.csv,6061365,CHAPLEAU A,-83.35,47.82,365,365,365,122,122,365,0,0,0,GOOD,,transformed/good/2026_CAE06061365.stndata
climate_daily_ON_6061366_2026_P1D.csv,6061366,CHAPLEAU AIRPORT,-83.36,47.82,365,365,365,118,118,118,0,0,0,GOOD,,transformed/good/2026_CAE06061366.stndata
climate_daily_ON_6065252_2026_P1D.csv,6065252,MONETVILLE 2,-80.3,46.22,365,365,365,365,365,355,252,10,0,BAD,tmax/tmin/prcp all missing >= 180 days (365/365/355),transformed/bad/2026_CAE06065252.stndata
climate_daily_ON_6068145_2026_P1D.csv,6068145,SUDBURY CLIMATE,-80.8,46.63,365,365,365,116,116,119,0,0,0,GOOD,,transformed/good/2026_CAE06068145.stndata
climate_daily_ON_6068153_2026_P1D.csv,6068153,SUDBURY A,-80.8,46.63,365,365,365,124,124,107,0,59,0,GOOD,,transformed/good/2026_CAE06068153.stndata
climate_daily_ON_6070QK6_2026_P1D.csv,6070QK6,BONNER LAKE,-82.12,49.38,365,365,365,365,365,350,260,15,0,BAD,tmax/tmin/prcp all missing >= 180 days (365/365/350),transformed/bad/2026_CAE06070QK6.stndata
climate_daily_ON_6072223_2026_P1D.csv,6072223,EARLTON A,-79.85,47.7,365,365,365,107,107,107,0,0,0,GOOD,,transformed/good/2026_CAE06072223.stndata
climate_daily_ON_6072230_2026_P1D.csv,6072230,EARLTON CLIMATE,-79.85,47.7,365,365,365,106,106,106,0,0,0,GOOD,,transformed/good/2026_CAE06072230.stndata
climate_daily_ON_6073976_2026_P1D.csv,6073976,KAPUSKASING A,-82.47,49.41,365,365,365,107,107,105,0,56,0,GOOD,,transformed/good/2026_CAE06073976.stndata
climate_daily_ON_6073978_2026_P1D.csv,6073978,KAPUSKASING A,-82.47,49.41,365,365,365,107,107,365,0,0,0,GOOD,,transformed/good/2026_CAE06073978.stndata
climate_daily_ON_6073980_2026_P1D.csv,6073980,KAPUSKASING CDA ON,-82.44,49.41,365,365,365,108,108,108,0,0,0,GOOD,,transformed/good/2026_CAE06073980.stndata
climate_daily_ON_6074207_2026_P1D.csv,6074207,KIRKLAND LAKE,-80.06,48.09,365,365,365,106,106,106,0,0,0,GOOD,,transformed/good/2026_CAE06074207.stndata
climate_daily_ON_6075420_2026_P1D.csv,6075420,MOOSONEE,-80.61,51.29,365,365,365,205,205,205,0,0,0,BAD,tmax/tmin/prcp all missing >= 180 days (205/205/205),transformed/bad/2026_CAE06075420.stndata
climate_daily_ON_6075429_2026_P1D.csv,6075429,MOOSONEE RCS,-80.66,51.26,365,365,365,106,106,107,0,0,0,GOOD,,transformed/good/2026_CAE06075429.stndata
climate_daily_ON_6075543_2026_P1D.csv,6075543,NAGAGAMI (AUT),-84.16,49.75,365,365,365,106,106,106,0,0,0,GOOD,,transformed/good/2026_CAE06075543.stndata
climate_daily_ON_6075786_2026_P1D.csv,6075786,OGOKI POST A,-85.9,51.66,365,365,365,110,110,110,0,0,0,GOOD,,transformed/good/2026_CAE06075786.stndata
climate_daily_ON_6075788_2026_P1D.csv,6075788,OGOKI POST,-85.9,51.66,365,365,365,176,177,181,0,0,0,GOOD,,transformed/good/2026_CAE06075788.stndata
climate_daily_ON_6078282_2026_P1D.csv,6078282,TIMMINS CLIMATE,-81.39,48.56,365,365,365,112,112,112,0,0,0,GOOD,,transformed/good/2026_CAE06078282.stndata
climate_daily_ON_6078286_2026_P1D.csv,6078286,TIMMINS A,-81.38,48.57,365,365,365,112,112,107,0,22,0,GOOD,,transformed/good/2026_CAE06078286.stndata
climate_daily_ON_6080192_2026_P1D.csv,6080192,ALGONQUIN PARK EAST GATE,-78.27,45.53,365,365,365,114,114,114,0,0,0,GOOD,,transformed/good/2026_CAE06080192.stndata
climate_daily_ON_6085680_2026_P1D.csv,6085680,NORTH BAY A,-79.42,46.36,365,365,365,106,106,107,0,0,0,GOOD,,transformed/good/2026_CAE06085680.stndata
climate_daily_ON_6085695_2026_P1D.csv,6085695,NORTH BAY AIRPORT,-79.4,46.38,365,365,365,106,106,106,0,0,0,GOOD,,transformed/good/2026_CAE06085695.stndata
climate_daily_ON_6092919_2026_P1D.csv,6092919,GORE BAY-MANITOULIN,-82.57,45.88,365,365,365,106,106,106,0,0,0,GOOD,,transformed/good/2026_CAE06092919.stndata
climate_daily_ON_6092920_2026_P1D.csv,6092920,GORE BAY CLIMATE,-82.57,45.88,365,365,365,107,107,107,0,0,0,GOOD,,transformed/good/2026_CAE06092920.stndata
climate_daily_ON_6100285_2026_P1D.csv,6100285,APPLETON,-76.11,45.19,365,365,365,365,365,335,259,30,0,BAD,tmax/tmin/prcp all missing >= 180 days (365/365/335),transformed/bad/2026_CAE06100285.stndata
climate_daily_ON_6100970_2026_P1D.csv,6100970,BROCKVILLE CLIMATE,-75.75,44.64,365,365,365,108,108,108,0,0,0,GOOD,,transformed/good/2026_CAE06100970.stndata
climate_daily_ON_6101335_2026_P1D.csv,6101335,CHALK RIVER AECL,-77.37,46.05,365,365,365,365,365,354,92,11,0,BAD,tmax/tmin/prcp all missing >= 180 days (365/365/354),transformed/bad/2026_CAE06101335.stndata
climate_daily_ON_6101874_2026_P1D.csv,6101874,CORNWALL,-74.75,45.02,365,365,365,365,365,351,258,14,0,BAD,tmax/tmin/prcp all missing >= 180 days (365/365/351),transformed/bad/2026_CAE06101874.stndata
climate_daily_ON_6102J13_2026_P1D.csv,6102J13,DRUMMOND CENTRE,-76.25,45.03,365,365,365,365,365,352,237,13,0,BAD,tmax/tmin/prcp all missing >= 180 days (365/365/352),transformed/bad/2026_CAE06102J13.stndata
climate_daily_ON_6103024_2026_P1D.csv,6103024,GRENADIER ISLAND,-75.85,44.42,365,365,365,131,131,218,0,0,0,GOOD,,transformed/good/2026_CAE06103024.stndata
climate_daily_ON_6103367_2026_P1D.csv,6103367,HARTINGTON IHD,-76.69,44.43,365,365,365,365,365,348,240,17,0,BAD,tmax/tmin/prcp all missing >= 180 days (365/365/348),transformed/bad/2026_CAE06103367.stndata
climate_daily_ON_6104027_2026_P1D.csv,6104027,KEMPTVILLE CS,-75.63,45.0,365,365,365,108,108,109,0,0,0,GOOD,,transformed/good/2026_CAE06104027.stndata
climate_daily_ON_6104142_2026_P1D.csv,6104142,KINGSTON CLIMATE,-76.6,44.22,365,365,365,106,106,106,0,0,0,GOOD,,transformed/good/2026_CAE06104142.stndata
climate_daily_ON_6104152_2026_P1D.csv,6104152,KINGSTON A,-76.6,44.23,365,365,365,109,109,365,0,0,0,GOOD,,transformed/good/2026_CAE06104152.stndata
climate_daily_ON_6105397_2026_P1D.csv,6105397,MOOSE CREEK WELLS,-74.96,45.25,365,365,365,106,106,107,0,0,0,GOOD,,transformed/good/2026_CAE06105397.stndata
climate_daily_ON_6105976_2026_P1D.csv,6105976,OTTAWA CDA,-75.72,45.38,365,365,365,365,365,355,220,10,0,BAD,tmax/tmin/prcp all missing >= 180 days (365/365/355),transformed/bad/2026_CAE06105976.stndata
climate_daily_ON_6105978_2026_P1D.csv,6105978,OTTAWA CDA RCS,-75.72,45.38,365,365,365,113,113,113,0,0,0,GOOD,,transformed/good/2026_CAE06105978.stndata
climate_daily_ON_6106001_2026_P1D.csv,6106001,OTTAWA INTL A,-75.67,45.32,365,365,365,107,107,105,0,35,0,GOOD,,transformed/good/2026_CAE06106001.stndata
climate_daily_ON_6106367_2026_P1D.csv,6106367,PEMBROKE CLIMATE,-77.25,45.86,365,365,365,108,108,108,0,0,0,GOOD,,transformed/good/2026_CAE06106367.stndata
climate_daily_ON_6107276_2026_P1D.csv,6107276,ST. ALBERT,-75.06,45.29,365,365,365,365,365,341,240,24,0,BAD,tmax/tmin/prcp all missing >= 180 days (365/365/341),transformed/bad/2026_CAE06107276.stndata
climate_daily_ON_610FC98_2026_P1D.csv,610FC98,PETAWAWA HOFFMAN,-77.25,45.88,365,365,365,365,365,357,259,8,0,BAD,tmax/tmin/prcp all missing >= 180 days (365/365/357),transformed/bad/2026_CAE0610FC98.stndata
climate_daily_ON_6110480_2026_P1D.csv,6110480,BALDWIN,-79.32,44.27,365,365,365,365,365,348,221,17,0,BAD,tmax/tmin/prcp all missing >= 180 days (365/365/348),transformed/bad/2026_CAE06110480.stndata
climate_daily_ON_6110556_2026_P1D.csv,6110556,BARRIE LANDFILL,-79.74,44.39,365,365,365,365,365,362,175,3,0,BAD,tmax/tmin/prcp all missing >= 180 days (365/365/362),transformed/bad/2026_CAE06110556.stndata
climate_daily_ON_6110607_2026_P1D.csv,6110607,BEATRICE CLIMATE,-79.4,45.14,365,365,365,106,106,106,0,0,0,GOOD,,transformed/good/2026_CAE06110607.stndata
climate_daily_ON_6111769_2026_P1D.csv,6111769,COLDWATER WARMINSTER,-79.54,44.63,365,365,365,365,365,361,241,4,0,BAD,tmax/tmin/prcp all missing >= 180 days (365/365/361),transformed/bad/2026_CAE06111769.stndata
climate_daily_ON_6114295_2026_P1D.csv,6114295,LAGOON CITY,-79.22,44.55,365,365,365,142,142,365,0,0,0,GOOD,,transformed/good/2026_CAE06114295.stndata
climate_daily_ON_6115529_2026_P1D.csv,6115529,MUSKOKA,-79.3,44.97,365,365,365,112,112,111,0,0,0,GOOD,,transformed/good/2026_CAE06115529.stndata
climate_daily_ON_6115811_2026_P1D.csv,6115811,ORILLIA BRAIN,-79.44,44.6,365,365,365,365,365,356,258,9,0,BAD,tmax/tmin/prcp all missing >= 180 days (365/365/356),transformed/bad/2026_CAE06115811.stndata
climate_daily_ON_6116257_2026_P1D.csv,6116257,PARRY SOUND CCG,-80.04,45.34,365,365,365,107,107,110,0,0,0,GOOD,,transformed/good/2026_CAE06116257.stndata
climate_daily_ON_6117684_2026_P1D.csv,6117684,SHANTY BAY,-79.63,44.4,365,365,365,365,365,347,244,18,0,BAD,tmax/tmin/prcp all missing >= 180 days (365/365/347),transformed/bad/2026_CAE06117684.stndata
climate_daily_ON_6117700_2026_P1D.csv,6117700,BARRIE-ORO,-79.55,44.48,365,365,365,106,106,106,0,0,0,GOOD,,transformed/good/2026_CAE06117700.stndata
climate_daily_ON_6119055_2026_P1D.csv,6119055,UDORA,-79.16,44.26,365,365,365,365,365,353,255,12,0,BAD,tmax/tmin/prcp all missing >= 180 days (365/365/353),transformed/bad/2026_CAE06119055.stndata
climate_daily_ON_6119296_2026_P1D.csv,6119296,WASAGA PROVINCIAL PARK,-80.05,44.5,365,365,365,107,107,107,0,0,0,GOOD,,transformed/good/2026_CAE06119296.stndata
climate_daily_ON_6119498_2026_P1D.csv,6119498,WIARTON A,-81.11,44.74,365,365,365,107,107,365,0,0,0,GOOD,,transformed/good/2026_CAE06119498.stndata
climate_daily_ON_6119499_2026_P1D.csv,6119499,WIARTON A,-81.11,44.74,365,365,365,113,113,107,0,16,0,GOOD,,transformed/good/2026_CAE06119499.stndata
climate_daily_ON_6119M51_2026_P1D.csv,6119M51,WESTERN ISLAND (AUT),-80.37,45.03,365,365,365,110,110,365,0,0,0,GOOD,,transformed/good/2026_CAE06119M51.stndata
climate_daily_ON_611E001_2026_P1D.csv,611E001,EGBERT CS,-79.78,44.23,365,365,365,106,106,107,0,0,0,GOOD,,transformed/good/2026_CAE0611E001.stndata
climate_daily_ON_6122847_2026_P1D.csv,6122847,GODERICH,-81.72,43.77,365,365,365,106,106,106,0,0,0,GOOD,,transformed/good/2026_CAE06122847.stndata
climate_daily_ON_6127510_2026_P1D.csv,6127510,SARNIA,-82.31,43.0,365,365,365,109,109,106,0,0,0,GOOD,,transformed/good/2026_CAE06127510.stndata
climate_daily_ON_6127519_2026_P1D.csv,6127519,SARNIA CLIMATE,-82.3,43.0,365,365,365,107,107,107,0,0,0,GOOD,,transformed/good/2026_CAE06127519.stndata
climate_daily_ON_6128330_2026_P1D.csv,6128330,TOBERMORY RCS,-81.63,45.23,365,365,365,107,107,107,0,0,0,GOOD,,transformed/good/2026_CAE06128330.stndata
climate_daily_ON_6130257_2026_P1D.csv,6130257,AMHERSTBURG,-83.09,42.1,365,365,365,365,365,351,210,14,0,BAD,tmax/tmin/prcp all missing >= 180 days (365/365/351),transformed/bad/2026_CAE06130257.stndata
climate_daily_ON_6131414_2026_P1D.csv,6131414,CHATHAM KENT,-82.08,42.31,365,365,365,107,107,108,0,0,0,GOOD,,transformed/good/2026_CAE06131414.stndata
climate_daily_ON_6131418_2026_P1D.csv,6131418,CEDAR SPRINGS,-82.02,42.27,365,365,365,110,110,110,0,0,0,GOOD,,transformed/good/2026_CAE06131418.stndata
climate_daily_ON_6131983_2026_P1D.csv,6131983,DELHI CS,-80.55,42.87,365,365,365,108,108,108,0,0,0,GOOD,,transformed/good/2026_CAE06131983.stndata
climate_daily_ON_6132470_2026_P1D.csv,6132470,FORT ERIE,-78.97,42.88,365,365,365,365,365,358,130,7,0,BAD,tmax/tmin/prcp all missing >= 180 days (365/365/358),transformed/bad/2026_CAE06132470.stndata
climate_daily_ON_6133055_2026_P1D.csv,6133055,GRIMSBY MOUNTAIN,-79.56,43.18,365,365,365,365,365,341,259,24,0,BAD,tmax/tmin/prcp all missing >= 180 days (365/365/341),transformed/bad/2026_CAE06133055.stndata
climate_daily_ON_6133362_2026_P1D.csv,6133362,HARROW CDA AUTO,-82.9,42.03,365,365,365,108,108,108,0,0,0,GOOD,,transformed/good/2026_CAE06133362.stndata
climate_daily_ON_6134190_2026_P1D.csv,6134190,KINGSVILLE MOE,-82.67,42.04,365,365,365,365,365,349,183,16,0,BAD,tmax/tmin/prcp all missing >= 180 days (365/365/349),transformed/bad/2026_CAE06134190.stndata
climate_daily_ON_6134F10_2026_P1D.csv,6134F10,LONG POINT (AUT),-80.05,42.53,365,365,365,365,365,365,0,0,0,BAD,tmax/tmin/prcp all missing >= 180 days (365/365/365),transformed/bad/2026_CAE06134F10.stndata
climate_daily_ON_6135583_2026_P1D.csv,6135583,NEW GLASGOW,-81.64,42.51,365,365,365,365,365,351,232,14,0,BAD,tmax/tmin/prcp all missing >= 180 days (365/365/351),transformed/bad/2026_CAE06135583.stndata
climate_daily_ON_6136606_2026_P1D.csv,6136606,PORT COLBORNE,-79.25,42.88,365,365,365,365,365,346,237,19,0,BAD,tmax/tmin/prcp all missing >= 180 days (365/365/346),transformed/bad/2026_CAE06136606.stndata
climate_daily_ON_6136699_2026_P1D.csv,6136699,PORT WELLER (AUT),-79.22,43.25,365,365,365,115,115,115,0,0,0,GOOD,,transformed/good/2026_CAE06136699.stndata
climate_daily_ON_6137154_2026_P1D.csv,6137154,RIDGETOWN RCS,-81.88,42.45,365,365,365,106,106,106,0,0,0,GOOD,,transformed/good/2026_CAE06137154.stndata
climate_daily_ON_6137161_2026_P1D.csv,6137161,RIDGEVILLE,-79.33,43.04,365,365,365,365,365,351,166,14,0,BAD,tmax/tmin/prcp all missing >= 180 days (365/365/351),transformed/bad/2026_CAE06137161.stndata
climate_daily_ON_6137304_2026_P1D.csv,6137304,ST CATHARINES A,-79.17,43.19,365,365,365,105,105,365,0,0,0,GOOD,,transformed/good/2026_CAE06137304.stndata
climate_daily_ON_6137362_2026_P1D.csv,6137362,ST THOMAS WPCP,-81.21,42.77,365,365,365,365,365,362,250,3,0,BAD,tmax/tmin/prcp all missing >= 180 days (365/365/362),transformed/bad/2026_CAE06137362.stndata
climate_daily_ON_6138270_2026_P1D.csv,6138270,TILLSONBURG WWTP,-80.72,42.86,365,365,365,365,365,349,243,16,0,BAD,tmax/tmin/prcp all missing >= 180 days (365/365/349),transformed/bad/2026_CAE06138270.stndata
climate_daily_ON_6139148_2026_P1D.csv,6139148,VINELAND STATION RCS,-79.4,43.18,365,365,365,109,109,109,0,0,0,GOOD,,transformed/good/2026_CAE06139148.stndata
climate_daily_ON_6139449_2026_P1D.csv,6139449,WELLAND-PELHAM,-79.33,42.97,365,365,365,107,107,107,0,0,0,GOOD,,transformed/good/2026_CAE06139449.stndata
climate_daily_ON_6139530_2026_P1D.csv,6139530,WINDSOR A,-82.96,42.28,365,365,365,106,106,106,0,0,0,GOOD,,transformed/good/2026_CAE06139530.stndata
climate_daily_ON_613F606_2026_P1D.csv,613F606,PORT COLBORNE (AUT),-79.25,42.87,365,365,365,365,365,365,0,0,0,BAD,tmax/tmin/prcp all missing >= 180 days (365/365/365),transformed/bad/2026_CAE0613F606.stndata
climate_daily_ON_613P001_2026_P1D.csv,613P001,POINT PELEE CS,-82.52,41.95,365,365,365,109,109,189,0,0,0,GOOD,,transformed/good/2026_CAE0613P001.stndata
climate_daily_ON_6140942_2026_P1D.csv,6140942,BRANTFORD AIRPORT,-80.33,43.14,365,365,365,107,107,107,0,0,0,GOOD,,transformed/good/2026_CAE06140942.stndata
climate_daily_ON_6142286_2026_P1D.csv,6142286,ELORA RCS,-80.42,43.65,365,365,365,110,110,112,0,0,0,GOOD,,transformed/good/2026_CAE06142286.stndata
climate_daily_ON_6142400_2026_P1D.csv,6142400,FERGUS SHAND DAM,-80.33,43.73,365,365,365,365,365,353,260,12,0,BAD,tmax/tmin/prcp all missing >= 180 days (365/365/353),transformed/bad/2026_CAE06142400.stndata
climate_daily_ON_6142402_2026_P1D.csv,6142402,FERGUS MOE,-80.38,43.7,365,365,365,365,365,364,148,1,0,BAD,tmax/tmin/prcp all missing >= 180 days (365/365/364),transformed/bad/2026_CAE06142402.stndata
climate_daily_ON_6143092_2026_P1D.csv,6143092,GUELPH TURFGRASS INSTITUTE,-80.22,43.54,365,365,365,108,108,109,0,0,0,GOOD,,transformed/good/2026_CAE06143092.stndata
climate_daily_ON_6144239_2026_P1D.csv,6144239,KITCHENER/WATERLOO,-80.38,43.46,365,365,365,106,106,108,0,0,0,GOOD,,transformed/good/2026_CAE06144239.stndata
climate_daily_ON_6144473_2026_P1D.csv,6144473,LONDON A,-81.15,43.03,365,365,365,111,111,365,0,0,0,GOOD,,transformed/good/2026_CAE06144473.stndata
climate_daily_ON_6144478_2026_P1D.csv,6144478,LONDON CS,-81.15,43.03,365,365,365,108,108,108,0,0,0,GOOD,,transformed/good/2026_CAE06144478.stndata
climate_daily_ON_6145504_2026_P1D.csv,6145504,MOUNT FOREST (AUT),-80.75,43.98,365,365,365,109,109,109,0,0,0,GOOD,,transformed/good/2026_CAE06145504.stndata
climate_daily_ON_6147188_2026_P1D.csv,6147188,ROSEVILLE,-80.47,43.35,365,365,365,365,365,343,229,22,0,BAD,tmax/tmin/prcp all missing >= 180 days (365/365/343),transformed/bad/2026_CAE06147188.stndata
climate_daily_ON_6148105_2026_P1D.csv,6148105,STRATFORD WWTP,-81.0,43.37,365,365,365,365,365,363,28,2,0,BAD,tmax/tmin/prcp all missing >= 180 days (365/365/363),transformed/bad/2026_CAE06148105.stndata
climate_daily_ON_6148122_2026_P1D.csv,6148122,STRATHROY-MULLIFARRY,-81.64,42.98,365,365,365,365,365,350,255,15,0,BAD,tmax/tmin/prcp all missing >= 180 days (365/365/350),transformed/bad/2026_CAE06148122.stndata
climate_daily_ON_6149625_2026_P1D.csv,6149625,WOODSTOCK,-80.77,43.14,365,365,365,365,365,365,122,0,0,BAD,tmax/tmin/prcp all missing >= 180 days (365/365/365),transformed/bad/2026_CAE06149625.stndata
climate_daily_ON_6150689_2026_P1D.csv,6150689,BELLEVILLE,-77.39,44.15,365,365,365,365,365,347,230,18,0,BAD,tmax/tmin/prcp all missing >= 180 days (365/365/347),transformed/bad/2026_CAE06150689.stndata
climate_daily_ON_6150690_2026_P1D.csv,6150690,BELLEVILLE QUINTE,-77.44,44.16,365,365,365,107,107,107,0,0,0,GOOD,,transformed/good/2026_CAE06150690.stndata
climate_daily_ON_6151061_2026_P1D.csv,6151061,BURLINGTON PIERS (AUT),-79.8,43.3,365,365,365,108,108,365,0,0,0,GOOD,,transformed/good/2026_CAE06151061.stndata
climate_daily_ON_6151309_2026_P1D.csv,6151309,CENTREVILLE,-76.91,44.4,365,365,365,365,365,349,254,16,0,BAD,tmax/tmin/prcp all missing >= 180 days (365/365/349),transformed/bad/2026_CAE06151309.stndata
climate_daily_ON_6151684_2026_P1D.csv,6151684,COBOURG (AUT),-78.17,43.95,365,365,365,142,141,108,0,0,0,GOOD,,transformed/good/2026_CAE06151684.stndata
climate_daily_ON_6151689_2026_P1D.csv,6151689,COBOURG STP,-78.18,43.97,365,365,365,365,365,359,137,6,0,BAD,tmax/tmin/prcp all missing >= 180 days (365/365/359),transformed/bad/2026_CAE06151689.stndata
climate_daily_ON_6152695_2026_P1D.csv,6152695,GEORGETOWN WWTP,-79.88,43.64,365,365,365,365,365,365,113,0,0,BAD,tmax/tmin/prcp all missing >= 180 days (365/365/365),transformed/bad/2026_CAE06152695.stndata
climate_daily_ON_6153193_2026_P1D.csv,6153193,HAMILTON A,-79.94,43.17,365,365,365,109,109,105,0,45,0,GOOD,,transformed/good/2026_CAE06153193.stndata
climate_daily_ON_6153301_2026_P1D.csv,6153301,HAMILTON RBG CS,-79.91,43.29,365,365,365,107,107,107,0,0,0,GOOD,,transformed/good/2026_CAE06153301.stndata
climate_daily_ON_6154150_2026_P1D.csv,6154150,KING CITY NORTH,-79.57,43.96,365,365,365,105,105,105,0,0,0,GOOD,,transformed/good/2026_CAE06154150.stndata
climate_daily_ON_6155875_2026_P1D.csv,6155875,OSHAWA,-78.88,43.92,365,365,365,107,107,108,0,0,0,GOOD,,transformed/good/2026_CAE06155875.stndata
climate_daily_ON_6155878_2026_P1D.csv,6155878,OSHAWA WPCP,-78.83,43.87,365,365,365,365,365,365,1,0,0,BAD,tmax/tmin/prcp all missing >= 180 days (365/365/365),transformed/bad/2026_CAE06155878.stndata
climate_daily_ON_6156559_2026_P1D.csv,6156559,POINT PETRE (AUT),-77.15,43.83,365,365,365,109,109,109,0,0,0,GOOD,,transformed/good/2026_CAE06156559.stndata
climate_daily_ON_6158355_2026_P1D.csv,6158355,TORONTO CITY,-79.4,43.67,365,365,365,108,108,108,0,0,0,GOOD,,transformed/good/2026_CAE06158355.stndata
climate_daily_ON_6158359_2026_P1D.csv,6158359,TORONTO CITY CENTRE,-79.4,43.63,365,365,365,107,107,111,0,0,0,GOOD,,transformed/good/2026_CAE06158359.stndata
climate_daily_ON_6158731_2026_P1D.csv,6158731,TORONTO INTL A,-79.63,43.68,365,365,365,105,105,105,0,44,0,GOOD,,transformed/good/2026_CAE06158731.stndata
climate_daily_ON_6158875_2026_P1D.csv,6158875,TRENTON A,-77.53,44.12,365,365,365,106,106,106,0,33,0,GOOD,,transformed/good/2026_CAE06158875.stndata
climate_daily_ON_6159123_2026_P1D.csv,6159123,UXBRIDGE WEST,-79.16,44.1,365,365,365,107,107,107,0,0,0,GOOD,,transformed/good/2026_CAE06159123.stndata
climate_daily_ON_615S001_2026_P1D.csv,615S001,TORONTO NORTH YORK,-79.47,43.78,365,365,365,365,365,360,242,5,0,BAD,tmax/tmin/prcp all missing >= 180 days (365/365/360),transformed/bad/2026_CAE0615S001.stndata
climate_daily_ON_6166415_2026_P1D.csv,6166415,PETERBOROUGH A,-78.36,44.23,365,365,365,106,106,112,0,0,0,GOOD,,transformed/good/2026_CAE06166415.stndata
climate_daily_ON_6166457_2026_P1D.csv,6166457,PETERBOROUGH TRENTU FARM,-78.28,44.35,365,365,365,106,106,109,0,0,0,GOOD,,transformed/good/2026_CAE06166457.stndata
climate_daily_ON_6168100_2026_P1D.csv,6168100,SONYA SUNDANCE MEADOWS,-78.95,44.22,365,365,365,365,365,365,214,0,0,BAD,tmax/tmin/prcp all missing >= 180 days (365/365/365),transformed/bad/2026_CAE06168100.stndata
climate_daily_ON_6168525_2026_P1D.csv,6168525,TAPLEY,-78.5,44.17,365,365,365,365,365,340,259,25,0,BAD,tmax/tmin/prcp all missing >= 180 days (365/365/340),transformed/bad/2026_CAE06168525.stndata
climate_daily_ON_616I001_2026_P1D.csv,616I001,BANCROFT AUTO,-77.88,45.07,365,365,365,107,107,107,0,0,0,GOOD,,transformed/good/2026_CAE0616I001.stndata
climate_daily_PE_8300301_2026_P1D.csv,8300301,CHARLOTTETOWN A,-63.12,46.29,365,365,365,115,115,122,0,49,0,GOOD,,transformed/good/2026_CAE08300301.stndata
climate_daily_PE_8300418_2026_P1D.csv,8300418,EAST POINT (AUT),-61.99,46.46,365,365,365,105,105,105,0,0,0,GOOD,,transformed/good/2026_CAE08300418.stndata
climate_daily_PE_8300516_2026_P1D.csv,8300516,NORTH CAPE,-64.0,47.06,365,365,365,106,106,108,0,0,0,GOOD,,transformed/good/2026_CAE08300516.stndata
climate_daily_PE_8300562_2026_P1D.csv,8300562,ST. PETERS,-62.58,46.45,365,365,365,107,107,107,0,0,0,GOOD,,transformed/good/2026_CAE08300562.stndata
climate_daily_PE_8300590_2026_P1D.csv,8300590,STANHOPE,-63.08,46.42,365,365,365,106,106,107,0,0,0,GOOD,,transformed/good/2026_CAE08300590.stndata
climate_daily_PE_8300596_2026_P1D.csv,8300596,SUMMERSIDE,-63.84,46.44,365,365,365,106,106,107,0,0,0,GOOD,,transformed/good/2026_CAE08300596.stndata
climate_daily_PE_8305500_2026_P1D.csv,8305500,MAPLE PLAINS,-63.58,46.3,365,365,365,174,174,365,0,0,0,GOOD,,transformed/good/2026_CAE08305500.stndata
climate_daily_PE_830P001_2026_P1D.csv,830P001,HARRINGTON CDA CS,-63.17,46.34,365,365,365,106,106,106,0,0,0,GOOD,,transformed/good/2026_CAE0830P001.stndata
climate_daily_QC_7010565_2026_P1D.csv,7010565,BEAUPORT,-71.2,46.84,365,365,365,107,107,110,0,0,0,GOOD,,transformed/good/2026_CAE07010565.stndata
climate_daily_QC_7011983_2026_P1D.csv,7011983,DESCHAMBAULT,-71.97,46.69,365,365,365,108,108,109,0,0,0,GOOD,,transformed/good/2026_CAE07011983.stndata
climate_daily_QC_70132G0_2026_P1D.csv,70132G0,ILE D'ORLEANS - QUAI DE ST-JEAN,-70.9,46.92,365,365,365,106,106,365,0,0,0,GOOD,,transformed/good/2026_CAE070132G0.stndata
climate_daily_QC_7014160_2026_P1D.csv,7014160,L'ASSOMPTION,-73.43,45.81,365,365,365,107,107,109,0,0,0,GOOD,,transformed/good/2026_CAE07014160.stndata
climate_daily_QC_7015791_2026_P1D.csv,7015791,L'ETAPE,-71.23,47.56,365,365,365,107,107,107,0,0,0,GOOD,,transformed/good/2026_CAE07015791.stndata
climate_daily_QC_7016293_2026_P1D.csv,7016293,QUEBEC INTL A,-71.39,46.79,365,365,365,109,109,365,0,0,0,GOOD,,transformed/good/2026_CAE07016293.stndata
climate_daily_QC_7018001_2026_P1D.csv,7018001,SHAWINIGAN,-72.73,46.56,365,365,365,106,106,215,0,0,0,GOOD,,transformed/good/2026_CAE07018001.stndata
climate_daily_QC_7018560_2026_P1D.csv,7018560,TROIS RIVIERES A-2,-72.67,46.35,365,365,365,365,365,354,41,11,0,BAD,tmax/tmin/prcp all missing >= 180 days (365/365/354),transformed/bad/2026_CAE07018560.stndata
climate_daily_QC_7018561_2026_P1D.csv,7018561,TROIS RIVIERES A,-72.68,46.35,365,365,365,106,106,114,0,0,0,GOOD,,transformed/good/2026_CAE07018561.stndata
climate_daily_QC_7018562_2026_P1D.csv,7018562,TROIS-RIVIERES,-72.52,46.35,365,365,365,109,111,365,0,0,0,GOOD,,transformed/good/2026_CAE07018562.stndata
climate_daily_QC_7018563_2026_P1D.csv,7018563,TROIS-RIVIERES,-72.68,46.37,365,365,365,106,106,106,0,0,0,GOOD,,transformed/good/2026_CAE07018563.stndata
climate_daily_QC_701LBPH_2026_P1D.csv,701LBPH,ILE AUX GRUES,-70.53,47.07,365,365,365,365,365,365,0,0,0,BAD,tmax/tmin/prcp all missing >= 180 days (365/365/365),transformed/bad/2026_CAE0701LBPH.stndata
climate_daily_QC_701LP0N_2026_P1D.csv,701LP0N,LAC SAINT-PIERRE,-72.92,46.18,365,365,365,106,106,365,0,0,0,GOOD,,transformed/good/2026_CAE0701LP0N.stndata
climate_daily_QC_701Q004_2026_P1D.csv,701Q004,STE-FOY (U. LAVAL),-71.29,46.78,365,365,365,110,110,118,0,0,0,GOOD,,transformed/good/2026_CAE0701Q004.stndata
climate_daily_QC_701Q009_2026_P1D.csv,701Q009,LEMIEUX,-72.06,46.3,365,365,365,106,106,108,0,0,0,GOOD,,transformed/good/2026_CAE0701Q009.stndata
climate_daily_QC_701S001_2026_P1D.csv,701S001,QUEBEC/JEAN LESAGE INTL,-71.38,46.8,365,365,365,107,107,107,0,0,0,GOOD,,transformed/good/2026_CAE0701S001.stndata
climate_daily_QC_7022579_2026_P1D.csv,7022579,FRELIGHSBURG,-72.85,45.03,365,365,365,105,105,105,0,0,0,GOOD,,transformed/good/2026_CAE07022579.stndata
climate_daily_QC_7022802_2026_P1D.csv,7022802,GRANBY,-72.77,45.37,365,365,365,106,106,202,0,0,0,GOOD,,transformed/good/2026_CAE07022802.stndata
climate_daily_QC_7023681_2026_P1D.csv,7023681,NANTES,-70.93,45.61,365,365,365,109,109,109,0,0,0,GOOD,,transformed/good/2026_CAE07023681.stndata
climate_daily_QC_7024280_2026_P1D.csv,7024280,LENNOXVILLE,-71.82,45.37,365,365,365,106,106,106,0,0,0,GOOD,,transformed/good/2026_CAE07024280.stndata
climate_daily_QC_7024745_2026_P1D.csv,7024745,MCTAVISH,-73.58,45.5,365,365,365,119,119,121,0,0,0,GOOD,,transformed/good/2026_CAE07024745.stndata
climate_daily_QC_7025251_2026_P1D.csv,7025251,MONTREAL INTL A,-73.74,45.47,365,365,365,109,109,106,0,37,0,GOOD,,transformed/good/2026_CAE07025251.stndata
climate_daily_QC_7025442_2026_P1D.csv,7025442,NICOLET,-72.66,46.23,365,365,365,108,108,108,0,0,0,GOOD,,transformed/good/2026_CAE07025442.stndata
climate_daily_QC_7026930_2026_P1D.csv,7026930,SAINT-CAMILLE-DE-LELLIS,-70.21,46.49,365,365,365,107,107,107,0,0,0,GOOD,,transformed/good/2026_CAE07026930.stndata
climate_daily_QC_7027039_2026_P1D.csv,7027039,STE-CLOTILDE,-73.68,45.17,365,365,365,107,107,107,0,0,0,GOOD,,transformed/good/2026_CAE07027039.stndata
climate_daily_QC_7027329_2026_P1D.csv,7027329,MONTREAL/ST-HUBERT,-73.42,45.52,365,365,365,107,107,107,0,0,0,GOOD,,transformed/good/2026_CAE07027329.stndata
climate_daily_QC_7027394_2026_P1D.csv,7027394,ST JEAN,-73.28,45.29,365,365,365,108,108,365,0,0,0,GOOD,,transformed/good/2026_CAE07027394.stndata
climate_daily_QC_7027470_2026_P1D.csv,7027470,SAINT-GERMAIN-DE-GRANTHAM,-72.54,45.83,365,365,365,107,107,107,0,0,0,GOOD,,transformed/good/2026_CAE07027470.stndata
climate_daily_QC_7028123_2026_P1D.csv,7028123,SHERBROOKE,-71.69,45.44,365,365,365,105,105,105,0,0,0,GOOD,,transformed/good/2026_CAE07028123.stndata
climate_daily_QC_7028442_2026_P1D.csv,7028442,THETFORD MINES RCS,-71.27,46.05,365,365,365,107,107,108,0,0,0,GOOD,,transformed/good/2026_CAE07028442.stndata
climate_daily_QC_7028754_2026_P1D.csv,7028754,BEAUCEVILLE,-70.79,46.21,365,365,365,106,106,107,0,0,0,GOOD,,transformed/good/2026_CAE07028754.stndata
climate_daily_QC_702CFGG_2026_P1D.csv,702CFGG,LAC MEMPHREMAGOG,-72.17,45.27,365,365,365,106,106,365,0,0,0,GOOD,,transformed/good/2026_CAE0702CFGG.stndata
climate_daily_QC_702FHL8_2026_P1D.csv,702FHL8,STE-ANNE-DE-BELLEVUE 1,-73.93,45.43,365,365,365,105,105,109,0,0,0,GOOD,,transformed/good/2026_CAE0702FHL8.stndata
climate_daily_QC_702FQLF_2026_P1D.csv,702FQLF,ST-ANICET 1,-74.29,45.12,365,365,365,106,106,107,0,0,0,GOOD,,transformed/good/2026_CAE0702FQLF.stndata
climate_daily_QC_702LED4_2026_P1D.csv,702LED4,L'ACADIE,-73.35,45.29,365,365,365,107,107,108,0,0,0,GOOD,,transformed/good/2026_CAE0702LED4.stndata
climate_daily_QC_702S006_2026_P1D.csv,702S006,MONTREAL/PIERRE ELLIOTT TRUDEAU INTL,-73.74,45.47,365,365,365,106,106,109,0,0,0,GOOD,,transformed/good/2026_CAE0702S006.stndata
climate_daily_QC_702S007_2026_P1D.csv,702S007,MONTREAL INTERNATIONAL AIRPORT,-73.74,45.47,365,365,365,331,331,331,0,0,0,BAD,tmax/tmin/prcp all missing >= 180 days (331/331/331),transformed/bad/2026_CAE0702S007.stndata
climate_daily_QC_7032685_2026_P1D.csv,7032685,OTTAWA GATINEAU A,-75.56,45.52,365,365,365,106,106,365,0,0,0,GOOD,,transformed/good/2026_CAE07032685.stndata
climate_daily_QC_7034482_2026_P1D.csv,7034482,MANIWAKI AIRPORT,-75.99,46.27,365,365,365,109,109,111,0,0,0,GOOD,,transformed/good/2026_CAE07034482.stndata
climate_daily_QC_7034900_2026_P1D.csv,7034900,MONTREAL MIRABEL INTL A,-74.04,45.68,365,365,365,107,107,365,0,0,0,GOOD,,transformed/good/2026_CAE07034900.stndata
climate_daily_QC_7040442_2026_P1D.csv,7040442,BAIE-COMEAU A,-68.2,49.13,365,365,365,106,106,106,0,0,0,GOOD,,transformed/good/2026_CAE07040442.stndata
climate_daily_QC_7040444_2026_P1D.csv,7040444,BAIE-COMEAU,-68.2,49.13,365,365,365,107,107,107,0,0,0,GOOD,,transformed/good/2026_CAE07040444.stndata
climate_daily_QC_7040815_2026_P1D.csv,7040815,LOURDES DE BLANC SABLON A,-57.19,51.44,365,365,365,110,110,109,0,59,0,GOOD,,transformed/good/2026_CAE07040815.stndata
climate_daily_QC_7040816_2026_P1D.csv,7040816,LOURDES DE BLANC SABLON A,-57.19,51.44,365,365,365,123,123,365,0,0,0,GOOD,,transformed/good/2026_CAE07040816.stndata
climate_daily_QC_7041100_2026_P1D.csv,7041100,CAPE WHITTLE,-60.06,50.16,365,365,365,191,191,365,0,0,0,BAD,tmax/tmin/prcp all missing >= 180 days (191/191/365),transformed/bad/2026_CAE07041100.stndata
climate_daily_QC_7041166_2026_P1D.csv,7041166,CAP-ROUGE,-70.54,48.37,365,365,365,107,107,365,0,0,0,GOOD,,transformed/good/2026_CAE07041166.stndata
climate_daily_QC_7041312_2026_P1D.csv,7041312,CHARLEVOIX (MRC),-70.64,47.28,365,365,365,107,107,108,0,0,0,GOOD,,transformed/good/2026_CAE07041312.stndata
climate_daily_QC_7041382_2026_P1D.csv,7041382,CHEVERY,-59.64,50.47,365,365,365,110,110,108,0,0,0,GOOD,,transformed/good/2026_CAE07041382.stndata
climate_daily_QC_7041JG6_2026_P1D.csv,7041JG6,CAP-TOURMENTE,-70.78,47.08,365,365,365,108,108,108,0,0,0,GOOD,,transformed/good/2026_CAE07041JG6.stndata
climate_daily_QC_7042395_2026_P1D.csv,7042395,FORET MONTMORENCY RCS,-71.15,47.32,365,365,365,108,108,110,0,0,0,GOOD,,transformed/good/2026_CAE07042395.stndata
climate_daily_QC_7042845_2026_P1D.csv,7042845,GRANDES-BERGERONNES,-69.52,48.26,365,365,365,119,119,119,0,0,0,GOOD,,transformed/good/2026_CAE07042845.stndata
climate_daily_QC_7043019_2026_P1D.csv,7043019,HAVRE ST. PIERRE,-63.61,50.28,365,365,365,113,113,114,0,0,0,GOOD,,transformed/good/2026_CAE07043019.stndata
climate_daily_QC_7043B79_2026_P1D.csv,7043B79,ILE AUX PERROQUETS,-64.21,50.22,365,365,365,108,108,365,0,0,0,GOOD,,transformed/good/2026_CAE07043B79.stndata
climate_daily_QC_7043BP9_2026_P1D.csv,7043BP9,ILE ROUGE,-69.56,48.07,365,365,365,106,106,209,0,0,0,GOOD,,transformed/good/2026_CAE07043BP9.stndata
climate_daily_QC_7044328_2026_P1D.csv,7044328,LONGUE-POINTE-DE-MINGAN,-64.23,50.27,365,365,365,106,106,106,0,0,0,GOOD,,transformed/good/2026_CAE07044328.stndata
climate_daily_QC_7045326_2026_P1D.csv,7045326,MONT STE-ANNE,-70.91,47.07,365,365,365,365,365,363,110,2,0,BAD,tmax/tmin/prcp all missing >= 180 days (365/365/363),transformed/bad/2026_CAE07045326.stndata
climate_daily_QC_7045335_2026_P1D.csv,7045335,MONT-TREMBLANT,-74.56,46.08,365,365,365,106,106,106,0,0,0,GOOD,,transformed/good/2026_CAE07045335.stndata
climate_daily_QC_7045398_2026_P1D.csv,7045398,NATASHQUAN A,-61.79,50.19,365,365,365,109,109,108,0,0,0,GOOD,,transformed/good/2026_CAE07045398.stndata
climate_daily_QC_7045401_2026_P1D.csv,7045401,NATASHQUAN AIRPORT,-61.81,50.19,365,365,365,107,107,107,0,0,0,GOOD,,transformed/good/2026_CAE07045401.stndata
climate_daily_QC_7046059_2026_P1D.csv,7046059,POINTE DE L'ISLET,-69.72,48.14,365,365,365,107,107,365,0,0,0,GOOD,,transformed/good/2026_CAE07046059.stndata
climate_daily_QC_704607C_2026_P1D.csv,704607C,POINTE CLAVEAU,-70.11,48.26,365,365,365,106,106,365,0,0,0,GOOD,,transformed/good/2026_CAE0704607C.stndata
climate_daily_QC_7047911_2026_P1D.csv,7047911,SEPT-ILES A,-66.27,50.22,365,365,365,106,106,365,0,0,0,GOOD,,transformed/good/2026_CAE07047911.stndata
climate_daily_QC_7047914_2026_P1D.csv,7047914,SEPT-ILES,-66.25,50.22,365,365,365,106,106,106,0,0,0,GOOD,,transformed/good/2026_CAE07047914.stndata
climate_daily_QC_704C64L_2026_P1D.csv,704C64L,LAC EON,-63.28,51.87,365,365,365,114,114,114,0,0,0,GOOD,,transformed/good/2026_CAE0704C64L.stndata
climate_daily_QC_704F0PN_2026_P1D.csv,704F0PN,POINTE-DES-MONTS,-67.38,49.32,365,365,365,106,106,106,0,0,0,GOOD,,transformed/good/2026_CAE0704F0PN.stndata
climate_daily_QC_704Q003_2026_P1D.csv,704Q003,POINTE NOIRE CS,-66.43,50.16,365,365,365,107,107,224,0,0,0,GOOD,,transformed/good/2026_CAE0704Q003.stndata
climate_daily_QC_704S001_2026_P1D.csv,704S001,BAIE-COMEAU,-68.15,49.26,365,365,365,107,107,300,0,0,0,GOOD,,transformed/good/2026_CAE0704S001.stndata
climate_daily_QC_7051050_2026_P1D.csv,7051050,CAP-D'ESPOIR,-64.32,48.42,365,365,365,124,124,365,0,0,0,GOOD,,transformed/good/2026_CAE07051050.stndata
climate_daily_QC_7051163_2026_P1D.csv,7051163,CAP-MADELEINE,-65.32,49.25,365,365,365,106,106,106,0,0,0,GOOD,,transformed/good/2026_CAE07051163.stndata
climate_daily_QC_7051201_2026_P1D.csv,7051201,CAUSAPSCAL AIRPORT,-67.25,48.31,365,365,365,106,106,106,0,0,0,GOOD,,transformed/good/2026_CAE07051201.stndata
climate_daily_QC_7052601_2026_P1D.csv,7052601,GASPE A,-64.48,48.78,365,365,365,106,106,106,0,55,0,GOOD,,transformed/good/2026_CAE07052601.stndata
climate_daily_QC_7052602_2026_P1D.csv,7052602,GASPE A,-64.48,48.78,365,365,365,109,109,365,0,0,0,GOOD,,transformed/good/2026_CAE07052602.stndata
climate_daily_QC_7052603_2026_P1D.csv,7052603,GASPE AIRPORT,-64.48,48.78,365,365,365,129,129,129,0,0,0,GOOD,,transformed/good/2026_CAE07052603.stndata
climate_daily_QC_7053254_2026_P1D.csv,7053254,ILES DE LA MADELEINE A,-61.78,47.43,365,365,365,105,105,365,0,0,0,GOOD,,transformed/good/2026_CAE07053254.stndata
climate_daily_QC_7053KGR_2026_P1D.csv,7053KGR,ILES DE LA MADELEINE,-61.77,47.43,365,365,365,108,108,109,0,0,0,GOOD,,transformed/good/2026_CAE07053KGR.stndata
climate_daily_QC_7054096_2026_P1D.csv,7054096,LA POCATIERE,-70.03,47.36,365,365,365,106,106,106,0,0,0,GOOD,,transformed/good/2026_CAE07054096.stndata
climate_daily_QC_7055121_2026_P1D.csv,7055121,MONT JOLI A,-68.21,48.61,365,365,365,118,118,113,0,53,0,GOOD,,transformed/good/2026_CAE07055121.stndata
climate_daily_QC_7055122_2026_P1D.csv,7055122,MONT-JOLI,-68.19,48.6,365,365,365,106,106,106,0,0,0,GOOD,,transformed/good/2026_CAE07055122.stndata
climate_daily_QC_7055422_2026_P1D.csv,7055422,NEW CARLISLE 1,-65.33,48.01,365,365,365,106,106,107,0,0,0,GOOD,,transformed/good/2026_CAE07055422.stndata
climate_daily_QC_7055440_2026_P1D.csv,7055440,NEW RICHMOND EAST,-65.84,48.16,365,365,365,106,106,106,0,0,0,GOOD,,transformed/good/2026_CAE07055440.stndata
climate_daily_QC_7056068_2026_P1D.csv,7056068,POINTE-AU-PERE (INRS),-68.47,48.51,365,365,365,106,106,107,0,0,0,GOOD,,transformed/good/2026_CAE07056068.stndata
climate_daily_QC_7056202_2026_P1D.csv,7056202,PORT-MENIER,-64.29,49.84,365,365,365,107,107,107,0,0,0,GOOD,,transformed/good/2026_CAE07056202.stndata
climate_daily_QC_7056616_2026_P1D.csv,7056616,RIVIERE-DU-LOUP,-69.55,47.81,365,365,365,106,106,106,0,0,0,GOOD,,transformed/good/2026_CAE07056616.stndata
climate_daily_QC_705LKPQ_2026_P1D.csv,705LKPQ,ILE BICQUETTE,-68.89,48.42,365,365,365,106,106,365,0,0,0,GOOD,,transformed/good/2026_CAE0705LKPQ.stndata
climate_daily_QC_705S002_2026_P1D.csv,705S002,CAP-CHAT,-66.65,49.11,365,365,365,106,106,106,0,0,0,GOOD,,transformed/good/2026_CAE0705S002.stndata
climate_daily_QC_7060390_2026_P1D.csv,7060390,BAGOTVILLE AIRPORT,-71.0,48.33,365,365,365,106,106,106,0,0,0,GOOD,,transformed/good/2026_CAE07060390.stndata
climate_daily_QC_7060400_2026_P1D.csv,7060400,BAGOTVILLE A,-71.0,48.33,365,365,365,105,105,105,0,43,0,GOOD,,transformed/good/2026_CAE07060400.stndata
climate_daily_QC_7060826_2026_P1D.csv,7060826,BONNARD 1,-71.01,50.73,365,365,365,166,165,365,0,0,0,GOOD,,transformed/good/2026_CAE07060826.stndata
climate_daily_QC_7061288_2026_P1D.csv,7061288,CHAMOUCHOUANE,-73.36,49.28,365,365,365,357,357,365,0,0,0,BAD,tmax/tmin/prcp all missing >= 180 days (357/357/365),transformed/bad/2026_CAE07061288.stndata
climate_daily_QC_7061541_2026_P1D.csv,7061541,CHUTE-DES-PASSES,-71.17,49.84,365,365,365,365,365,169,0,0,0,GOOD,,transformed/good/2026_CAE07061541.stndata
climate_daily_QC_7063370_2026_P1D.csv,7063370,JONQUIERE,-71.14,48.43,365,365,365,112,112,112,0,0,0,GOOD,,transformed/good/2026_CAE07063370.stndata
climate_daily_QC_7064181_2026_P1D.csv,7064181,LATERRIERE,-71.13,48.31,365,365,365,111,111,365,0,0,0,GOOD,,transformed/good/2026_CAE07064181.stndata
climate_daily_QC_7065012_2026_P1D.csv,7065012,MISTOOK,-71.72,48.6,365,365,365,165,162,174,0,0,0,GOOD,,transformed/good/2026_CAE07065012.stndata
climate_daily_QC_7065639_2026_P1D.csv,7065639,NORMANDIN,-72.55,48.84,365,365,365,106,106,106,0,0,0,GOOD,,transformed/good/2026_CAE07065639.stndata
climate_daily_QC_7065738_2026_P1D.csv,7065738,ONATCHIWAY,-71.03,48.89,365,365,365,115,115,115,0,0,0,GOOD,,transformed/good/2026_CAE07065738.stndata
climate_daily_QC_7066686_2026_P1D.csv,7066686,ROBERVAL A,-72.27,48.52,365,365,365,112,112,105,0,37,0,GOOD,,transformed/good/2026_CAE07066686.stndata
climate_daily_QC_7066687_2026_P1D.csv,7066687,ROBERVAL A,-72.27,48.52,365,365,365,113,113,365,0,0,0,GOOD,,transformed/good/2026_CAE07066687.stndata
climate_daily_QC_706G3J7_2026_P1D.csv,706G3J7,CHICOUTIMI ST-HONORE A,-71.05,48.52,365,365,365,106,106,365,0,0,0,GOOD,,transformed/good/2026_CAE0706G3J7.stndata
climate_daily_QC_706I001_2026_P1D.csv,706I001,LAC BENOIT,-71.11,51.53,365,365,365,172,173,275,0,0,0,GOOD,,transformed/good/2026_CAE0706I001.stndata
climate_daily_QC_706I155_2026_P1D.csv,706I155,MANOUANE EST,-70.53,50.66,365,365,365,140,140,365,0,0,0,GOOD,,transformed/good/2026_CAE0706I155.stndata
climate_daily_QC_706Q001_2026_P1D.csv,706Q001,LA BAIE,-70.92,48.3,365,365,365,106,106,229,0,0,0,GOOD,,transformed/good/2026_CAE0706Q001.stndata
climate_daily_QC_7075800_2026_P1D.csv,7075800,PARENT,-74.62,47.92,365,365,365,106,106,106,0,0,0,GOOD,,transformed/good/2026_CAE07075800.stndata
climate_daily_QC_7077571_2026_P1D.csv,7077571,SAINT-MICHEL-DES-SAINTS,-74.09,46.82,365,365,365,114,114,114,0,0,0,GOOD,,transformed/good/2026_CAE07077571.stndata
climate_daily_QC_707DBD4_2026_P1D.csv,707DBD4,LA TUQUE,-72.79,47.41,365,365,365,107,107,107,0,0,0,GOOD,,transformed/good/2026_CAE0707DBD4.stndata
climate_daily_QC_7080468_2026_P1D.csv,7080468,BARRAGE TEMISCAMINGUE,-79.1,46.71,365,365,365,106,106,106,0,0,0,GOOD,,transformed/good/2026_CAE07080468.stndata
climate_daily_QC_7086716_2026_P1D.csv,7086716,ROUYN,-79.03,48.25,365,365,365,106,106,107,0,0,0,GOOD,,transformed/good/2026_CAE07086716.stndata
climate_daily_QC_7086719_2026_P1D.csv,7086719,ROUYN-NORANDA A,-78.84,48.21,365,365,365,106,106,365,0,0,0,GOOD,,transformed/good/2026_CAE07086719.stndata
climate_daily_QC_7091299_2026_P1D.csv,7091299,CHAPAIS,-74.98,49.82,365,365,365,108,108,245,0,0,0,GOOD,,transformed/good/2026_CAE07091299.stndata
climate_daily_QC_7091409_2026_P1D.csv,7091409,CHIBOUGAMAU CHAPAIS A,-74.53,49.77,365,365,365,108,108,110,0,0,0,GOOD,,transformed/good/2026_CAE07091409.stndata
climate_daily_QC_7091410_2026_P1D.csv,7091410,CHIBOUGAMAU-CHAPAIS,-74.53,49.78,365,365,365,108,108,108,0,0,0,GOOD,,transformed/good/2026_CAE07091410.stndata
climate_daily_QC_7092310_2026_P1D.csv,7092310,EASTMAIN RIVER A,-78.52,52.23,365,365,365,120,120,365,0,0,0,GOOD,,transformed/good/2026_CAE07092310.stndata
climate_daily_QC_7093714_2026_P1D.csv,7093714,LA GRANDE 4 A,-73.68,53.75,365,365,365,121,121,121,0,0,0,GOOD,,transformed/good/2026_CAE07093714.stndata
climate_daily_QC_7093716_2026_P1D.csv,7093716,LA GRANDE RIVIERE A,-77.7,53.63,365,365,365,106,106,105,0,91,0,GOOD,,transformed/good/2026_CAE07093716.stndata
climate_daily_QC_7093GJ5_2026_P1D.csv,7093GJ5,LA GRANDE IV,-73.68,53.76,365,365,365,106,106,106,0,0,0,GOOD,,transformed/good/2026_CAE07093GJ5.stndata
climate_daily_QC_7094636_2026_P1D.csv,7094636,MATAGAMI A,-77.8,49.76,365,365,365,110,110,111,0,0,0,GOOD,,transformed/good/2026_CAE07094636.stndata
climate_daily_QC_7094637_2026_P1D.csv,7094637,MATAGAMI,-77.79,49.76,365,365,365,106,106,106,0,0,0,GOOD,,transformed/good/2026_CAE07094637.stndata
climate_daily_QC_7098603_2026_P1D.csv,7098603,VAL-D'OR,-77.79,48.06,365,365,365,106,106,106,0,0,0,GOOD,,transformed/good/2026_CAE07098603.stndata
climate_daily_QC_7098605_2026_P1D.csv,7098605,VAL D'OR A,-77.78,48.05,365,365,365,108,108,107,0,0,0,GOOD,,transformed/good/2026_CAE07098605.stndata
climate_daily_QC_7098898_2026_P1D.csv,7098898,WASKAGANISH A,-78.76,51.47,365,365,365,136,136,365,0,0,0,GOOD,,transformed/good/2026_CAE07098898.stndata
climate_daily_QC_7098908_2026_P1D.csv,7098908,WEMINDJI A,-78.83,53.01,365,365,365,108,108,365,0,0,0,GOOD,,transformed/good/2026_CAE07098908.stndata
climate_daily_QC_7100072_2026_P1D.csv,7100072,AKULIVIK A,-78.15,60.82,365,365,365,125,125,365,0,0,0,GOOD,,transformed/good/2026_CAE07100072.stndata
climate_daily_QC_7103280_2026_P1D.csv,7103280,INUKJUAK A,-78.08,58.47,365,365,365,110,110,125,0,0,0,GOOD,,transformed/good/2026_CAE07103280.stndata
climate_daily_QC_7103329_2026_P1D.csv,7103329,IVUJIVIK A,-77.93,62.42,365,365,365,113,113,365,0,0,0,GOOD,,transformed/good/2026_CAE07103329.stndata
climate_daily_QC_7103537_2026_P1D.csv,7103537,KUUJJUARAPIK A,-77.77,55.28,365,365,365,109,109,109,0,0,0,GOOD,,transformed/good/2026_CAE07103537.stndata
climate_daily_QC_7103539_2026_P1D.csv,7103539,KUUJJUARAPIK,-77.57,55.37,365,365,365,143,144,151,0,0,0,GOOD,,transformed/good/2026_CAE07103539.stndata
climate_daily_QC_7106223_2026_P1D.csv,7106223,PUVIRNITUQ A,-77.29,60.05,365,365,365,117,117,116,0,0,0,GOOD,,transformed/good/2026_CAE07106223.stndata
climate_daily_QC_7108564_2026_P1D.csv,7108564,UMIUJAQ A,-76.52,56.54,365,365,365,113,113,365,0,0,0,GOOD,,transformed/good/2026_CAE07108564.stndata
climate_daily_QC_710S005_2026_P1D.csv,710S005,INUKJUAK,-78.08,58.47,365,365,365,109,109,168,0,0,0,GOOD,,transformed/good/2026_CAE0710S005.stndata
climate_daily_QC_7110601_2026_P1D.csv,7110601,AUPALUK A,-69.6,59.3,365,365,365,117,117,365,0,0,0,GOOD,,transformed/good/2026_CAE07110601.stndata
climate_daily_QC_7113380_2026_P1D.csv,7113380,KANGIQSUJUAQ A,-71.93,61.59,365,365,365,112,111,365,0,0,0,GOOD,,transformed/good/2026_CAE07113380.stndata
climate_daily_QC_7113384_2026_P1D.csv,7113384,KANGIRSUK A,-70.0,60.03,365,365,365,110,110,365,0,0,0,GOOD,,transformed/good/2026_CAE07113384.stndata
climate_daily_QC_7113391_2026_P1D.csv,7113391,KANGIQSUALUJJUAQ A,-65.99,58.71,365,365,365,116,116,365,0,0,0,GOOD,,transformed/good/2026_CAE07113391.stndata
climate_daily_QC_7113535_2026_P1D.csv,7113535,KUUJJUAQ A,-68.42,58.09,365,365,365,106,106,105,0,84,0,GOOD,,transformed/good/2026_CAE07113535.stndata
climate_daily_QC_7115800_2026_P1D.csv,7115800,PARC NATIONAL DES PINGUALUIT,-73.67,61.31,365,365,365,116,116,117,0,0,0,GOOD,,transformed/good/2026_CAE07115800.stndata
climate_daily_QC_7116273_2026_P1D.csv,7116273,QUAQTAQ A,-69.62,61.05,365,365,365,114,114,365,0,0,0,GOOD,,transformed/good/2026_CAE07116273.stndata
climate_daily_QC_7116505_2026_P1D.csv,7116505,RIVIERE AUX FEUILLES,-72.98,57.91,365,365,365,115,115,147,0,0,0,GOOD,,transformed/good/2026_CAE07116505.stndata
climate_daily_QC_7117800_2026_P1D.csv,7117800,SALLUIT,-75.67,62.18,365,365,365,117,117,120,0,0,0,GOOD,,transformed/good/2026_CAE07117800.stndata
climate_daily_QC_7117802_2026_P1D.csv,7117802,SALLUIT A,-75.67,62.18,365,365,365,111,111,365,0,0,0,GOOD,,transformed/good/2026_CAE07117802.stndata
climate_daily_QC_7117823_2026_P1D.csv,7117823,SCHEFFERVILLE A,-66.81,54.81,365,365,365,110,111,119,0,0,0,GOOD,,transformed/good/2026_CAE07117823.stndata
climate_daily_QC_7117824_2026_P1D.csv,7117824,SCHEFFERVILLE COTE-NORD,-66.8,54.8,365,365,365,107,107,107,0,0,0,GOOD,,transformed/good/2026_CAE07117824.stndata
climate_daily_QC_7118366_2026_P1D.csv,7118366,TASIUJAQ A,-69.96,58.67,365,365,365,115,115,365,0,0,0,GOOD,,transformed/good/2026_CAE07118366.stndata
climate_daily_SK_4010811_2026_P1D.csv,4010811,BRATT'S LAKE CLIMATE,-104.71,50.2,365,365,365,110,110,110,0,0,0,GOOD,,transformed/good/2026_CAE04010811.stndata
climate_daily_SK_4010879_2026_P1D.csv,4010879,BROADVIEW,-102.57,50.37,365,365,365,106,106,106,0,0,0,GOOD,,transformed/good/2026_CAE04010879.stndata
climate_daily_SK_4012403_2026_P1D.csv,4012403,ESTEVAN A,-102.97,49.21,365,365,365,107,107,107,0,0,0,GOOD,,transformed/good/2026_CAE04012403.stndata
climate_daily_SK_4012410_2026_P1D.csv,4012410,ESTEVAN,-102.97,49.22,365,365,365,105,105,105,0,0,0,GOOD,,transformed/good/2026_CAE04012410.stndata
climate_daily_SK_4013480_2026_P1D.csv,4013480,INDIAN HEAD CDA,-103.65,50.55,365,365,365,106,106,106,0,0,0,GOOD,,transformed/good/2026_CAE04013480.stndata
climate_daily_SK_4013660_2026_P1D.csv,4013660,KELLIHER,-103.75,51.26,365,365,365,365,365,352,250,13,0,BAD,tmax/tmin/prcp all missing >= 180 days (365/365/352),transformed/bad/2026_CAE04013660.stndata
climate_daily_SK_4014040_2026_P1D.csv,4014040,KIPLING,-102.73,50.2,365,365,365,365,365,339,259,26,0,BAD,tmax/tmin/prcp all missing >= 180 days (365/365/339),transformed/bad/2026_CAE04014040.stndata
climate_daily_SK_4014156_2026_P1D.csv,4014156,LAST MOUNTAIN CS,-105.25,51.42,365,365,365,106,106,106,0,0,0,GOOD,,transformed/good/2026_CAE04014156.stndata
climate_daily_SK_4014322_2026_P1D.csv,4014322,LEROY,-104.63,52.0,365,365,365,365,365,332,257,33,0,BAD,tmax/tmin/prcp all missing >= 180 days (365/365/332),transformed/bad/2026_CAE04014322.stndata
climate_daily_SK_4015322_2026_P1D.csv,4015322,MOOSE JAW CS,-105.54,50.33,365,365,365,106,106,106,0,0,0,GOOD,,transformed/good/2026_CAE04015322.stndata
climate_daily_SK_4015800_2026_P1D.csv,4015800,OXBOW,-102.12,49.32,365,365,365,365,365,332,229,33,0,BAD,tmax/tmin/prcp all missing >= 180 days (365/365/332),transformed/bad/2026_CAE04015800.stndata
climate_daily_SK_4016322_2026_P1D.csv,4016322,QU'APPELLE 1,-103.98,50.57,365,365,365,365,365,351,256,14,0,BAD,tmax/tmin/prcp all missing >= 180 days (365/365/351),transformed/bad/2026_CAE04016322.stndata
climate_daily_SK_4016566_2026_P1D.csv,4016566,REGINA INTL A,-104.67,50.43,365,365,365,106,106,365,0,0,0,GOOD,,transformed/good/2026_CAE04016566.stndata
climate_daily_SK_4016699_2026_P1D.csv,4016699,REGINA RCS,-104.67,50.43,365,365,365,106,106,106,0,0,0,GOOD,,transformed/good/2026_CAE04016699.stndata
climate_daily_SK_4018642_2026_P1D.csv,4018642,WATROUS EAST,-105.4,51.67,365,365,365,106,106,106,0,0,0,GOOD,,transformed/good/2026_CAE04018642.stndata
climate_daily_SK_4019041_2026_P1D.csv,4019041,YELLOW GRASS NORTH,-104.18,49.82,365,365,365,105,105,105,0,0,0,GOOD,,transformed/good/2026_CAE04019041.stndata
climate_daily_SK_4019073_2026_P1D.csv,4019073,YORKTON,-102.46,51.26,365,365,365,105,105,105,0,0,0,GOOD,,transformed/good/2026_CAE04019073.stndata
climate_daily_SK_4019075_2026_P1D.csv,4019075,YORKTON,-102.46,51.26,365,365,365,121,121,122,0,0,0,GOOD,,transformed/good/2026_CAE04019075.stndata
climate_daily_SK_40190LN_2026_P1D.csv,40190LN,WYNYARD (AUT),-104.2,51.77,365,365,365,106,106,106,0,0,0,GOOD,,transformed/good/2026_CAE040190LN.stndata
climate_daily_SK_401HP5R_2026_P1D.csv,401HP5R,WEYBURN,-103.8,49.7,365,365,365,128,128,128,0,0,0,GOOD,,transformed/good/2026_CAE0401HP5R.stndata
climate_daily_SK_4020286_2026_P1D.csv,4020286,ASSINIBOIA AIRPORT,-105.95,49.73,365,365,365,106,106,106,0,0,0,GOOD,,transformed/good/2026_CAE04020286.stndata
climate_daily_SK_4020560_2026_P1D.csv,4020560,BEECHY,-107.31,50.83,365,365,365,365,365,318,254,47,0,BAD,tmax/tmin/prcp all missing >= 180 days (365/365/318),transformed/bad/2026_CAE04020560.stndata
climate_daily_SK_4022359_2026_P1D.csv,4022359,ELBOW CS,-106.58,51.13,365,365,365,106,106,106,0,0,0,GOOD,,transformed/good/2026_CAE04022359.stndata
climate_daily_SK_4024714_2026_P1D.csv,4024714,LUCKY LAKE,-107.15,50.95,365,365,365,106,106,106,0,0,0,GOOD,,transformed/good/2026_CAE04024714.stndata
climate_daily_SK_4024919_2026_P1D.csv,4024919,MAPLE CREEK,-109.47,49.9,365,365,365,106,106,106,0,0,0,GOOD,,transformed/good/2026_CAE04024919.stndata
climate_daily_SK_4026847_2026_P1D.csv,4026847,ROCK POINT,-107.26,51.15,365,365,365,365,365,351,259,14,0,BAD,tmax/tmin/prcp all missing >= 180 days (365/365/351),transformed/bad/2026_CAE04026847.stndata
climate_daily_SK_4028038_2026_P1D.csv,4028038,SWIFT CURRENT,-107.69,50.29,365,365,365,118,118,115,0,0,0,GOOD,,transformed/good/2026_CAE04028038.stndata
climate_daily_SK_4028060_2026_P1D.csv,4028060,SWIFT CURRENT CDA,-107.73,50.27,365,365,365,108,108,108,0,0,0,GOOD,,transformed/good/2026_CAE04028060.stndata
climate_daily_SK_402DAF0_2026_P1D.csv,402DAF0,LEADER AIRPORT,-109.5,50.91,365,365,365,111,111,140,0,0,0,GOOD,,transformed/good/2026_CAE0402DAF0.stndata
climate_daily_SK_40318MN_2026_P1D.csv,40318MN,CORONACH SPC,-105.48,49.05,365,365,365,137,137,137,0,0,0,GOOD,,transformed/good/2026_CAE040318MN.stndata
climate_daily_SK_4031999_2026_P1D.csv,4031999,CYPRESS HILLS PARK,-109.51,49.64,365,365,365,131,131,131,0,0,0,GOOD,,transformed/good/2026_CAE04031999.stndata
climate_daily_SK_4032322_2026_P1D.csv,4032322,EASTEND CYPRESS (AUT),-108.99,49.44,365,365,365,106,106,119,0,0,0,GOOD,,transformed/good/2026_CAE04032322.stndata
climate_daily_SK_4034910_2026_P1D.csv,4034910,MANKOTA,-107.02,49.1,365,365,365,123,123,123,0,0,0,GOOD,,transformed/good/2026_CAE04034910.stndata
climate_daily_SK_4036844_2026_P1D.csv,4036844,ROCKGLEN (AUT),-105.98,49.17,365,365,365,110,112,107,0,0,0,GOOD,,transformed/good/2026_CAE04036844.stndata
climate_daily_SK_4038412_2026_P1D.csv,4038412,VAL MARIE SOUTHEAST,-107.59,49.06,365,365,365,106,106,106,0,0,0,GOOD,,transformed/good/2026_CAE04038412.stndata
climate_daily_SK_4041000_2026_P1D.csv,4041000,BUTTE ST PIERRE,-109.2,53.45,365,365,365,365,365,341,256,24,0,BAD,tmax/tmin/prcp all missing >= 180 days (365/365/341),transformed/bad/2026_CAE04041000.stndata
climate_daily_SK_4043899_2026_P1D.csv,4043899,KINDERSLEY A,-109.18,51.52,365,365,365,107,107,365,0,0,0,GOOD,,transformed/good/2026_CAE04043899.stndata
climate_daily_SK_4043901_2026_P1D.csv,4043901,KINDERSLEY A,-109.18,51.52,365,365,365,120,120,119,0,45,0,GOOD,,transformed/good/2026_CAE04043901.stndata
climate_daily_SK_4043902_2026_P1D.csv,4043902,KINDERSLEY AIRPORT,-109.18,51.52,365,365,365,106,106,106,0,0,0,GOOD,,transformed/good/2026_CAE04043902.stndata
climate_daily_SK_4045607_2026_P1D.csv,4045607,NORTH BATTLEFORD RCS,-108.26,52.77,365,365,365,105,105,105,0,0,0,GOOD,,transformed/good/2026_CAE04045607.stndata
climate_daily_SK_4045695_2026_P1D.csv,4045695,NORTH BATTLEFORD,-108.24,52.77,365,365,365,109,109,107,0,0,0,GOOD,,transformed/good/2026_CAE04045695.stndata
climate_daily_SK_4046884_2026_P1D.csv,4046884,ROSETOWN EAST,-107.92,51.57,365,365,365,107,107,107,0,0,0,GOOD,,transformed/good/2026_CAE04046884.stndata
climate_daily_SK_4047240_2026_P1D.csv,4047240,SCOTT CDA,-108.83,52.36,365,365,365,108,108,108,0,0,0,GOOD,,transformed/good/2026_CAE04047240.stndata
climate_daily_SK_4047644_2026_P1D.csv,4047644,SONNINGDALE,-107.77,52.32,365,365,365,365,365,353,126,12,0,BAD,tmax/tmin/prcp all missing >= 180 days (365/365/353),transformed/bad/2026_CAE04047644.stndata
climate_daily_SK_4048521_2026_P1D.csv,4048521,WASECA RCS,-109.41,53.13,365,365,365,105,105,105,0,0,0,GOOD,,transformed/good/2026_CAE04048521.stndata
climate_daily_SK_4053264_2026_P1D.csv,4053264,HOEY,-105.78,52.85,365,365,365,365,365,364,34,1,0,BAD,tmax/tmin/prcp all missing >= 180 days (365/365/364),transformed/bad/2026_CAE04053264.stndata
climate_daily_SK_4055079_2026_P1D.csv,4055079,MELFORT,-104.6,52.82,365,365,365,106,106,106,0,0,0,GOOD,,transformed/good/2026_CAE04055079.stndata
climate_daily_SK_4055736_2026_P1D.csv,4055736,OUTLOOK PFRA,-107.05,51.48,365,365,365,106,106,106,0,0,0,GOOD,,transformed/good/2026_CAE04055736.stndata
climate_daily_SK_4056121_2026_P1D.csv,4056121,PILGER,-105.15,52.42,365,365,365,106,106,106,0,0,0,GOOD,,transformed/good/2026_CAE04056121.stndata
climate_daily_SK_4056241_2026_P1D.csv,4056241,PRINCE ALBERT GLASS FIELD A,-105.67,53.21,365,365,365,365,365,365,0,0,0,BAD,tmax/tmin/prcp all missing >= 180 days (365/365/365),transformed/bad/2026_CAE04056241.stndata
climate_daily_SK_4056243_2026_P1D.csv,4056243,PRINCE ALBERT GLASS FIELD,-105.68,53.21,365,365,365,106,106,106,0,0,0,GOOD,,transformed/good/2026_CAE04056243.stndata
climate_daily_SK_4056245_2026_P1D.csv,4056245,PRINCE ALBERT GLASS FIELD A,-105.67,53.21,365,365,365,107,107,107,0,0,0,GOOD,,transformed/good/2026_CAE04056245.stndata
climate_daily_SK_4057152_2026_P1D.csv,4057152,SASKATOON INTL A,-106.7,52.17,365,365,365,106,106,365,0,0,0,GOOD,,transformed/good/2026_CAE04057152.stndata
climate_daily_SK_4057165_2026_P1D.csv,4057165,SASKATOON RCS,-106.72,52.17,365,365,365,108,108,108,0,0,0,GOOD,,transformed/good/2026_CAE04057165.stndata
climate_daily_SK_4060983_2026_P1D.csv,4060983,BUFFALO NARROWS (AUT),-108.42,55.84,365,365,365,107,107,107,0,0,0,GOOD,,transformed/good/2026_CAE04060983.stndata
climate_daily_SK_4060988_2026_P1D.csv,4060988,BUFFALO NARROWS A,-108.42,55.84,365,365,365,108,108,107,0,0,0,GOOD,,transformed/good/2026_CAE04060988.stndata
climate_daily_SK_4061570_2026_P1D.csv,4061570,CIGAR LAKE,-104.48,58.08,365,365,365,365,365,365,254,0,0,BAD,tmax/tmin/prcp all missing >= 180 days (365/365/365),transformed/bad/2026_CAE04061570.stndata
climate_daily_SK_4061620_2026_P1D.csv,4061620,COLLINS BAY SK,-103.68,58.23,365,365,365,107,107,107,0,0,0,GOOD,,transformed/good/2026_CAE04061620.stndata
climate_daily_SK_4061632_2026_P1D.csv,4061632,COLLINS BAY CAMECO,-103.7,58.18,365,365,365,365,365,350,251,15,0,BAD,tmax/tmin/prcp all missing >= 180 days (365/365/350),transformed/bad/2026_CAE04061632.stndata
climate_daily_SK_4063605_2026_P1D.csv,4063605,ISLAND FALLS (AUT),-102.35,55.53,365,365,365,106,106,106,0,0,0,GOOD,,transformed/good/2026_CAE04063605.stndata
climate_daily_SK_4063753_2026_P1D.csv,4063753,KEY LAKE,-105.6,57.25,365,365,365,105,105,106,0,0,0,GOOD,,transformed/good/2026_CAE04063753.stndata
climate_daily_SK_4063757_2026_P1D.csv,4063757,KEY LAKE,-105.62,57.26,365,365,365,123,123,123,0,0,0,GOOD,,transformed/good/2026_CAE04063757.stndata
climate_daily_SK_4064149_2026_P1D.csv,4064149,LA RONGE RCS,-105.27,55.15,365,365,365,110,110,110,0,0,0,GOOD,,transformed/good/2026_CAE04064149.stndata
climate_daily_SK_4064155_2026_P1D.csv,4064155,LA RONGE A,-105.27,55.15,365,365,365,107,107,106,0,63,0,GOOD,,transformed/good/2026_CAE04064155.stndata
climate_daily_SK_4064620_2026_P1D.csv,4064620,LOON LAKE RCS,-109.14,54.02,365,365,365,108,108,108,0,0,0,GOOD,,transformed/good/2026_CAE04064620.stndata
climate_daily_SK_4065063_2026_P1D.csv,4065063,MEADOW LAKE A,-108.52,54.13,365,365,365,105,105,365,0,0,0,GOOD,,transformed/good/2026_CAE04065063.stndata
climate_daily_SK_4067655_2026_P1D.csv,4067655,SOUTHEND,-103.28,56.33,365,365,365,118,118,118,0,0,0,GOOD,,transformed/good/2026_CAE04067655.stndata
climate_daily_SK_4067723_2026_P1D.csv,4067723,SPIRITWOOD WEST,-107.55,53.37,365,365,365,106,106,107,0,0,0,GOOD,,transformed/good/2026_CAE04067723.stndata
climate_daily_SK_4067799_2026_P1D.csv,4067799,STONY RAPIDS,-105.84,59.25,365,365,365,111,111,108,0,0,0,GOOD,,transformed/good/2026_CAE04067799.stndata
climate_daily_SK_4068559_2026_P1D.csv,4068559,WASKESIU LAKE,-106.07,53.92,365,365,365,114,114,114,0,0,0,GOOD,,transformed/good/2026_CAE04068559.stndata
climate_daily_SK_406N0NM_2026_P1D.csv,406N0NM,MEADOW LAKE,-108.52,54.13,365,365,365,111,111,111,0,0,0,GOOD,,transformed/good/2026_CAE0406N0NM.stndata
climate_daily_SK_406QLD0_2026_P1D.csv,406QLD0,URANIUM CITY (AUT),-108.48,59.57,365,365,365,105,105,105,0,0,0,GOOD,,transformed/good/2026_CAE0406QLD0.stndata
climate_daily_SK_4075525_2026_P1D.csv,4075525,NIPAWIN,-104.01,53.33,365,365,365,106,106,105,0,0,0,GOOD,,transformed/good/2026_CAE04075525.stndata
climate_daily_SK_407N51G_2026_P1D.csv,407N51G,NIPAWIN,-104.0,53.33,365,365,365,137,137,137,0,0,0,GOOD,,transformed/good/2026_CAE0407N51G.stndata
climate_daily_SK_4083324_2026_P1D.csv,4083324,HUDSON BAY(AUT),-102.32,52.82,365,365,365,108,108,108,0,0,0,GOOD,,transformed/good/2026_CAE04083324.stndata
climate_daily_YT_2100155_2026_P1D.csv,2100155,BEAVER CREEK A,-140.87,62.41,365,365,365,114,114,365,0,0,0,GOOD,,transformed/good/2026_CAE02100155.stndata
climate_daily_YT_2100181_2026_P1D.csv,2100181,BURWASH A,-139.04,61.37,365,365,365,107,107,107,0,0,0,GOOD,,transformed/good/2026_CAE02100181.stndata
climate_daily_YT_2100184_2026_P1D.csv,2100184,BURWASH AIRPORT AUTO,-139.02,61.37,365,365,365,107,107,107,0,0,0,GOOD,,transformed/good/2026_CAE02100184.stndata
climate_daily_YT_2100301_2026_P1D.csv,2100301,CARMACKS CS,-136.19,62.12,365,365,365,107,107,107,0,0,0,GOOD,,transformed/good/2026_CAE02100301.stndata
climate_daily_YT_2100407_2026_P1D.csv,2100407,DAWSON CITY A,-139.13,64.04,365,365,365,105,105,365,0,0,0,GOOD,,transformed/good/2026_CAE02100407.stndata
climate_daily_YT_2100518_2026_P1D.csv,2100518,FARO (AUT),-133.38,62.21,365,365,365,109,109,247,0,0,0,GOOD,,transformed/good/2026_CAE02100518.stndata
climate_daily_YT_2100527_2026_P1D.csv,2100527,FARO A,-133.37,62.21,365,365,365,105,105,365,0,0,0,GOOD,,transformed/good/2026_CAE02100527.stndata
climate_daily_YT_2100630_2026_P1D.csv,2100630,HAINES JUNCTION,-137.58,60.77,365,365,365,127,127,161,0,0,0,GOOD,,transformed/good/2026_CAE02100630.stndata
climate_daily_YT_2100660_2026_P1D.csv,2100660,IVVAVIK NAT. PARK,-140.15,69.16,365,365,365,131,131,138,0,0,0,GOOD,,transformed/good/2026_CAE02100660.stndata
climate_daily_YT_2100682_2026_P1D.csv,2100682,KOMAKUK BEACH,-140.2,69.61,365,365,365,329,329,365,0,0,0,BAD,tmax/tmin/prcp all missing >= 180 days (329/329/365),transformed/bad/2026_CAE02100682.stndata
climate_daily_YT_2100693_2026_P1D.csv,2100693,MACMILLAN PASS,-130.04,63.24,365,365,365,112,112,112,0,0,0,GOOD,,transformed/good/2026_CAE02100693.stndata
climate_daily_YT_2100697_2026_P1D.csv,2100697,MARGARET LAKE,-140.85,68.8,365,365,365,120,120,272,0,0,0,GOOD,,transformed/good/2026_CAE02100697.stndata
climate_daily_YT_2100701_2026_P1D.csv,2100701,MAYO A,-135.87,63.62,365,365,365,147,147,114,0,33,0,GOOD,,transformed/good/2026_CAE02100701.stndata
climate_daily_YT_2100702_2026_P1D.csv,2100702,MAYO A,-135.87,63.62,365,365,365,107,107,365,0,0,0,GOOD,,transformed/good/2026_CAE02100702.stndata
climate_daily_YT_2100805_2026_P1D.csv,2100805,OLD CROW RCS,-139.84,67.57,365,365,365,107,107,107,0,0,0,GOOD,,transformed/good/2026_CAE02100805.stndata
climate_daily_YT_2100807_2026_P1D.csv,2100807,OLD CROW A,-139.84,67.57,365,365,365,115,115,365,0,0,0,GOOD,,transformed/good/2026_CAE02100807.stndata
climate_daily_YT_2100840_2026_P1D.csv,2100840,OTTER FALLS NCPC,-137.05,61.03,365,365,365,365,365,361,222,4,0,BAD,tmax/tmin/prcp all missing >= 180 days (365/365/361),transformed/bad/2026_CAE02100840.stndata
climate_daily_YT_2100881_2026_P1D.csv,2100881,PELLY RANCH FORT SELKIRK,-137.37,62.82,365,365,365,118,118,121,0,0,0,GOOD,,transformed/good/2026_CAE02100881.stndata
climate_daily_YT_2100935_2026_P1D.csv,2100935,ROCK RIVER,-136.22,66.98,365,365,365,114,114,262,0,0,0,GOOD,,transformed/good/2026_CAE02100935.stndata
climate_daily_YT_2100950_2026_P1D.csv,2100950,SHINGLE POINT A,-137.22,68.95,365,365,365,330,330,365,0,0,0,BAD,tmax/tmin/prcp all missing >= 180 days (330/330/365),transformed/bad/2026_CAE02100950.stndata
climate_daily_YT_2100LRP_2026_P1D.csv,2100LRP,DAWSON,-139.13,64.06,365,365,365,108,108,124,0,0,0,GOOD,,transformed/good/2026_CAE02100LRP.stndata
climate_daily_YT_2101102_2026_P1D.csv,2101102,TESLIN (AUT),-132.73,60.17,365,365,365,109,109,109,0,0,0,GOOD,,transformed/good/2026_CAE02101102.stndata
climate_daily_YT_2101106_2026_P1D.csv,2101106,TESLIN A,-132.74,60.17,365,365,365,114,114,365,0,0,0,GOOD,,transformed/good/2026_CAE02101106.stndata
climate_daily_YT_2101201_2026_P1D.csv,2101201,WATSON LAKE A,-128.82,60.12,365,365,365,109,109,365,0,0,0,GOOD,,transformed/good/2026_CAE02101201.stndata
climate_daily_YT_2101202_2026_P1D.csv,2101202,WATSON LAKE A,-128.82,60.12,365,365,365,107,107,365,0,0,0,GOOD,,transformed/good/2026_CAE02101202.stndata
climate_daily_YT_2101204_2026_P1D.csv,2101204,WATSON LAKE (AUT),-128.83,60.12,365,365,365,108,108,108,0,0,0,GOOD,,transformed/good/2026_CAE02101204.stndata
climate_daily_YT_2101303_2026_P1D.csv,2101303,WHITEHORSE A,-135.07,60.71,365,365,365,108,108,365,0,0,0,GOOD,,transformed/good/2026_CAE02101303.stndata
climate_daily_YT_2101310_2026_P1D.csv,2101310,WHITEHORSE AUTO,-135.1,60.73,365,365,365,106,106,155,0,0,0,GOOD,,transformed/good/2026_CAE02101310.stndata
